name,price,link
OstroVit Aqua Kick Vitamin C 10 g,"0,90",https://www.ceneo.pl/114725883
Canexpol Group Zmywacz do paznokci Acetonowy z witaminą F 50ml,"1,62",https://www.ceneo.pl/97879568
NOBLE HEALTH Lizak Na Odporność i Gardło Dla Kobiet w Ciąży,"0,90",https://www.ceneo.pl/101445579
Allnutrition witamina C 1000mg z bioflawonoidami 10 kaps,"0,95",https://www.ceneo.pl/59392787
Barcik lizak z propolisem miodem i witaminą C o smaku malinowym 1 sztuka,"0,99",https://www.ceneo.pl/42964101
Activlab Pharma Vitamin C 1000Mg Saszetka 35G,"1,29",https://www.ceneo.pl/94791848
Vitaminum C 200 Lewoskrętna AMS x 25 tabl,"1,29",https://www.ceneo.pl/53240157
Ekspres Apteczny Pharmasis Vitaminum C 1000 Mg + Cynk 15Kaps.,"1,30",https://www.ceneo.pl/143077161
Dr Gaja Promagnez 4G Cytrynian Magnezu 100% Rws Propharma 1 sasz,"1,35",https://www.ceneo.pl/89467561
Zdrowy lizak Mniam-Mniam z witaminą C i D o smaku cytrynowym 1 szt,"1,40",https://www.ceneo.pl/64214940
Zdrowy lizak Mniam-Mniam z witaminą C i D o smaku truskawkowym 1 szt,"1,40",https://www.ceneo.pl/64190768
Stada Pharm Cholinex Lizak Bez Cukru O Smaku Malinowym 1szt.,"1,44",https://www.ceneo.pl/120376741
Zdrowy lizak Mniam-Mniam z witaminą C i D o smaku malinowym 1 szt,"1,45",https://www.ceneo.pl/64214941
Starpharma Zdrowy lizak Mniam-Mniam z witaminą C i D o smaku malinowym 1 szt,"1,49",https://www.ceneo.pl/117325298
Dr Gaja Proodporność 2G Witamina C + Rutyna Propharma 1 sasz,"1,65",https://www.ceneo.pl/89467560
Trumpf Schokoladefabrik Fritt Guma Rozpuszczalna Z Witaminą C 1szt,"1,75",https://www.ceneo.pl/87025025
Cukierki FRITT z witaminą C 1 sztuka,"1,79",https://www.ceneo.pl/28285006
Smile chusteczki nawilżane antybakteryjne z witaminami x 15 szt,"2,38",https://www.ceneo.pl/91931352
AVON Care Krem do rąk z witaminą C wyrównujący koloryt 75ml,"2,50",https://www.ceneo.pl/92197232
Go Wipes Chusteczki Nawilżane Z Witaminami I Ekstraktem Limonki 15 Szt. Antibacterial Effect Vitamins & Lime,"2,68",https://www.ceneo.pl/129573899
Noble Lashes Płatki pod oczy z witaminą C TYPE 2,"2,90",https://www.ceneo.pl/130775108
Bielenda Skin Clinic Professional Proffesional Witamina C Maseczka Rozświetlająco Nawilżająca 8g,"2,99",https://www.ceneo.pl/142059406
"APTEO Maść ochronna z witaminą A, 30g","3,50",https://www.ceneo.pl/127001229
Le Cafe de Beaute Le Cafe Mimi Żel pod prysznic witaminy dla skóry 100ml,"3,59",https://www.ceneo.pl/65516462
Lirene Peel Puff Musujący puder peelingujący Pestki moreli + Witamina C 7g,"3,89",https://www.ceneo.pl/112980802
Apis Maska Algowa Dla Cery Naczynkowej Z Dziką Różą I Witaminą C Professional Couperose-Stop Saszetka 20G,"4,01",https://www.ceneo.pl/93522001
Zyskaj Zdrowie Witamina C 200mg 30 tabl.,"1,88",https://www.ceneo.pl/47039330
Pharmasis Calcium folia 12 tabl.,"1,90",https://www.ceneo.pl/42898477
Noble Health lizak na odporność dla dzieci bez dodatku cukru x 1 szt,"1,90",https://www.ceneo.pl/104307645
Witamina C 200Mg 30tabl.,"1,94",https://www.ceneo.pl/23195285
Zdrovit Calcium  +  Witamina C 20 tabl.,"1,98",https://www.ceneo.pl/4774648
Avet Pharma Witamina C 200 Mg Display 25 Kaps.,"1,99",https://www.ceneo.pl/117728004
SALVUM Witamina C 1000mg 10 kaps,"2,08",https://www.ceneo.pl/93892868
Vitamin C 100 mg  30 tabl. powlekanych,"2,10",https://www.ceneo.pl/35440499
CEWITAN Witamina C 1000 mg 15 kaps.,"2,15",https://www.ceneo.pl/97389978
WITAMINA C 200 mg 25 tabletek powlekanych,"2,21",https://www.ceneo.pl/26870525
Familijny Szampon Do Włosów Czarna Rzepa Z Witaminami 300ml,"4,31",https://www.ceneo.pl/53439503
Soraya Just Glow Opalizująca Maska Peel-Off Z Witaminą C 1 Szt.,"4,50",https://www.ceneo.pl/92842715
Bielenda Skin Clinic Maseczka Witamina C 8g,"4,65",https://www.ceneo.pl/143821881
Ronney Vitamin Complex Professional Mask Revitalizing rewitalizująca maska do włosów z kompleksem witamin 300ml,"4,74",https://www.ceneo.pl/129496423
Le Cafe De Beaute Kafe Krasoty Rewitalizująca Ekspresowa Maska Do Twarzy „Kompleks Witamin” Z Ekstraktem Z Mandarynki 15ml,"4,79",https://www.ceneo.pl/56552668
Avon Clearskin Tonik przeciwtrądzikowy z ekstraktem z pszenicy i witaminą E 100ml,"4,90",https://www.ceneo.pl/85219164
Pharma Group Cynk I Witamina C Do Włosów I Skóry Głowy Handmade 5 ml,"5,69",https://www.ceneo.pl/117646515
Balea Maseczka Na Płacie Z Witaminą C 2-Fazowa 1 Sztuka,"5,72",https://www.ceneo.pl/94828190
Natura Siberica Babuszka Agafia krem do ciała witaminy cytryńca 200ml,"5,77",https://www.ceneo.pl/52422729
Celia Kolagen przeciwzmarszczkowy krem tłusty z witaminami 50ml,"5,79",https://www.ceneo.pl/9055473
Bergamo Koreańska Owocowa Maseczka Z Witaminami 25ml,"5,81",https://www.ceneo.pl/136910314
Beauty Formulas Brightening Vitamin C Rozjaśniająca Maska Do Twarzy Z Witaminą,"5,90",https://www.ceneo.pl/119361480
AvetPharma Witamina C 1000 mg 10 kaps,"2,25",https://www.ceneo.pl/82317637
Vitter Blue Calcium FORTE z Vit. C o smaku pomarańczowym x 20 tabl musujących,"2,30",https://www.ceneo.pl/89020584
CEVIFORTE C 1000 10 kaps.,"2,35",https://www.ceneo.pl/36044487
Calcium  C pomarańcz. APTEO x 20tabl,"2,39",https://www.ceneo.pl/34256961
Lirene Double Bubble Yellow & Violet Maska Glinkowa Do Twarzy Z Witaminą C- 2X5 G,"5,99",https://www.ceneo.pl/92884597
Le Cafe de Beaute Le Cafe Mimi Żel pod prysznic witaminy dla skóry 250ml,"5,99",https://www.ceneo.pl/65516459
Swederm HUD SALVA Vitamin E Silnie natłuszczająca maść do skóry suchej z witaminą E 10ml,"6,00",https://www.ceneo.pl/92587923
Inteligent Skin Theraphy IST Płatki Pod Oczy Aktywna Witamina C 1 para,"6,00",https://www.ceneo.pl/96069533
Cafe Mimi Proteinowa Maska Do Włosów Przeciw Wypadaniu Proteiny Roślinne Ekstrakt Żeń Szenia Kompleks Witamin B3 B5 B6 C E 100Ml,"6,08",https://www.ceneo.pl/70014604
Cafe Mimi Balsam Do Włosów Odżywienie I Objętość Ekstrakt Jagód Acai Olej Macadamii D-Panthenol Witaminy B3 B5 B6 C E 100Ml,"6,10",https://www.ceneo.pl/70014600
Le Cafe De Beaute Cafe Mimi Peeling Do Twarzy Witaminowy Witaminy I Migdał 110Ml,"6,14",https://www.ceneo.pl/77015266
Lili Nawilżane Chusteczki Z Ekstraktem Nagietka I Witaminą E 15 Sztuk Szt.,"6,32",https://www.ceneo.pl/131704419
Calcium  C pomarańcz. APTEO x 20tabl,"2,39",https://www.ceneo.pl/34256961
Owoce Ogrodów Mięta Ziołowe Cukierki Z Miętą I Witaminą C 60 G,"2,40",https://www.ceneo.pl/77416587
Aflofarm Vitaminum C 200 mg tabletki draże (AF) 30szt blistry,"2,49",https://www.ceneo.pl/4880271
"Witamina C 1000+ Bioflawonoidy VivoForte, 10tabl.","2,50",https://www.ceneo.pl/107308456
Noblepharma MUSCLE CLINIC B-COMPLEX płyn 25ml,"2,50",https://www.ceneo.pl/131716895
Polfa Calcium w folii 12 tabl.,"2,58",https://www.ceneo.pl/4775667
Ostrovit Vitamin C 2000 Shot 100ml,"2,59",https://www.ceneo.pl/138053635
Activlab Pharma Vitamin C 2000Mg Shot 100Ml,"2,69",https://www.ceneo.pl/94791847
Witamina C Max 1000 Vitter Blue 10Kaps,"2,71",https://www.ceneo.pl/86410300
Calcium 300 Alergo Wapnowit C 20 tabl.,"2,75",https://www.ceneo.pl/4775745
Colfarm Vitamina C 200mg 30 tabletek,"2,79",https://www.ceneo.pl/15836670
ASCORCIN C 1000 mg 15 kaps,"2,80",https://www.ceneo.pl/83750779
Allnutrition Vit C 2000 80Ml,"2,81",https://www.ceneo.pl/80694509
VITASWISS C 200 FORTE 50 tabl,"2,84",https://www.ceneo.pl/73438565
Dr Vita Vitamina C 100mg blister - 30 tabl.,"2,89",https://www.ceneo.pl/35014512
Vitaminum C 200 30 tabl.,"2,89",https://www.ceneo.pl/50747228
Ostrovit Witamina C 2000 Shot 100 Ml,"2,90",https://www.ceneo.pl/119833755
Magnez + B6 30 Kaps.,"2,95",https://www.ceneo.pl/16753774
Vitaminum B compositum 50 tabl,"2,98",https://www.ceneo.pl/4883266
Protego Calcium Musujące 20 tabl musujących,"2,98",https://www.ceneo.pl/93020437
"WITAMINA C, 100mg, 25 tabl","2,99",https://www.ceneo.pl/114725906
"Zdrovit Witamina C 1000mg, 20 tabl","2,99",https://www.ceneo.pl/93512056
Trec Nutrition Shot Witaminowy Vitamin C 2000 Cytryna Malina 100Ml,"2,99",https://www.ceneo.pl/119833798
Witamina C 200mg 50 tabl.,"2,99",https://www.ceneo.pl/41461663
Premium Rosa Immunity Shot Imbir I Witamina C 150ml,"2,99",https://www.ceneo.pl/112502367
Zdrovit Calcium w folii o sm. cytrynowym 12 tabl. musujących,"2,99",https://www.ceneo.pl/30548425
Protego Witamina C 1000 Go 15 kaps,"3,04",https://www.ceneo.pl/89061893
Aflofarm Witamina C 200mg 30 tabl,"3,04",https://www.ceneo.pl/57927542
Calcium 300 Mg + Witamina C 60Mg Cytynowe 20 Tabletek Musujących,"3,06",https://www.ceneo.pl/112087459
Colfarm Witamina C200 kartonik 30 tabl,"3,09",https://www.ceneo.pl/107531636
Silcare Odżywka Do Włosów Z Jedwabiem I Witaminami Quin Silk & Vitamins Hair Conditioner 250 Ml,"6,35",https://www.ceneo.pl/89821407
"Krem do rąk CZTERY PORY ROKU Witamina, glicerynowy, 130ml","6,45",https://www.ceneo.pl/85285095
"APTEO CARE Pomadka ochronna do ust z witaminami A+E 3,8g","6,49",https://www.ceneo.pl/28034172
Vollare Zmywacz Do Paznokci Pokrzywa Z Witaminą E Cosmetics 60ml,"6,74",https://www.ceneo.pl/99095967
Vollare Zmywacz Do Paznokci Ziołowy Łopian Z Witaminą E Cosmetics 60ml,"6,74",https://www.ceneo.pl/99095965
Vollare Zmywacz Do Paznokci Ziołowy Nagietek Z Witaminą E Cosmetics 60ml,"6,74",https://www.ceneo.pl/99095962
Krem z Witaminami A+e 100ml Naturo Pharma Zdrowa,"6,90",https://www.ceneo.pl/94133650
"Kallos Cosmetics Maska Do Włosów Z Olejem Nasion Konopi, Keratyną I Kompleksem Witamin Hair Pro-Tox Cannabis Mask 275 Ml","6,99",https://www.ceneo.pl/133590726
White Pharma Krem z witaminą C i olejem z rokitnika 100 ml,"6,99",https://www.ceneo.pl/128901610
Vis Plantis Helix Hand Care Krem do Rąk i Paznokci Odżywczy Odmładzający Oliwka Witaminy A B5 E + Poly- Helixan 75ml,"6,99",https://www.ceneo.pl/44069467
Face Facts Scrub Cleansing Peeling Do Twarzy Z Witaminą E 75Ml,"6,99",https://www.ceneo.pl/122634703
Natur Planet Masło Shea nierafinowane pomarańczowe z witaminą E 20ml,"6,99",https://www.ceneo.pl/82247073
"CleanHands, żel antybakteryjny z kolagenem i witaminą E, 50 ml","6,99",https://www.ceneo.pl/98370730
Too Cool For School Rozświetlająca Maseczka ​​W Płachcie Do Twarzy Cytryna Z Witaminą C Natural Vita Mask Brightening 23ml,"7,10",https://www.ceneo.pl/100002729
Too Cool For School Ujędrniająca Maseczka W Płachcie Do Twarzy Jarmuż I Witamina A Natural Vita Mask Firming 23ml,"7,10",https://www.ceneo.pl/100002753
Soraya Just Glow Rozświetlająca Maska Na Tkaninie Z Witaminą C 1 Szt.,"7,19",https://www.ceneo.pl/92842610
Ziaja Liście Zielonej Oliwki Oliwkowa Woda Tonizująca z Witaminą C 200ml,"7,34",https://www.ceneo.pl/32341182
Beauty Formulas Peeling Z Wit C 150ml,"7,37",https://www.ceneo.pl/104115848
Beauty Formulas Chusteczki Do Demakijażu Z Witaminą C Brightening Vitamin Makeup Wipes 30 Szt.,"7,39",https://www.ceneo.pl/139091965
Celia Q10 Witaminy 60+ krem półtłusty przeciw zmarszczkom na dzień i noc 50ml,"7,89",https://www.ceneo.pl/81993548
Dicora Urban Fit Dicora Mydło W Płynie Do Rąk Z Witaminą C O Zapachu Cytrusów I Brzoskwini Urban Fit Nourishing Hand Soap Vit C Citrus & Peach 500 Ml,"7,90",https://www.ceneo.pl/135911792
Life z Witaminą A maść 100g,"7,99",https://www.ceneo.pl/115416755
PHARMA-C-FOOD VENUS Pianka do Golenia Żurawina 200ml,"7,99",https://www.ceneo.pl/16622212
Beauty Formulas Rozjaśniający Krem Do Twarzy Brightening Vitamin C Daily Moisturiser Cream 100Ml,"7,99",https://www.ceneo.pl/103395313
Schwarzkopf Blond Me Detox Detoksykująca Kuracja Z Witaminą C 5X5G,"7,99",https://www.ceneo.pl/87845792
Soraya Just Glow Oczyszczająca Galaretka Do Mycia Twarzy Z Witaminą C 150 Ml,"7,99",https://www.ceneo.pl/92842718
INTELLIGENT SKIN THERAPY WZMACNIAJĄCA I REGENERUJĄCA MASKA Z AKTYWNĄ WITAMINĄ C,"8,29",https://www.ceneo.pl/35552718
Cutex Zmywacz Do Paznokci Z Witaminami Nail Polish Remover Strength Shield 100 ml,"8,40",https://www.ceneo.pl/114489636
Astrid Rozświetlająca Maseczka W Płachcie Do Twarzy ​​Z Witaminą C Vitamin C Energizing And Brightening Textile Mask,"8,57",https://www.ceneo.pl/117467457
Chemia Krem Do Rąk Cztery Pory Roku Witamina Glicerynowy 130ml,"8,74",https://www.ceneo.pl/97036196
"Rodzina Zdrowia, Vitaminum C 1000, 15 kaps","3,10",https://www.ceneo.pl/82830756
Rodzina Zdrowia Calcium z witaminą C 12 tabl.,"3,12",https://www.ceneo.pl/54488926
Diagnosis Vitter Blue Witamina C 200Mg 50 Tabl,"3,15",https://www.ceneo.pl/77425827
Pliva Kraków Calcium smak pomarańczowy 12+2 tabl.,"3,17",https://www.ceneo.pl/43865755
Apteo Calcium z witaminą C smak pomarańczowy 12 tabl.,"3,18",https://www.ceneo.pl/47700673
Witamina C 200mg 50 tabletek,"3,19",https://www.ceneo.pl/14762821
"Diagnosis Witamina C Forte 1000Mg, Vitter Blue, 20 Tabletek","3,24",https://www.ceneo.pl/81614462
Vitaminum B compositum 50 tabletek,"3,24",https://www.ceneo.pl/14596115
Zyskaj Zdrowie Calcium 300mg + Wit C 60mg 20 tabl.,"3,25",https://www.ceneo.pl/50536605
Calcium 300  +  witamina C cytrynowe 20 tabl.,"3,29",https://www.ceneo.pl/17919620
Witamina C 200 Mg X 30 Draż,"3,30",https://www.ceneo.pl/4773905
Zdrovit Witamina C 200 mg 60 tabL,"3,33",https://www.ceneo.pl/45252452
Apteo Care Maść Ochronna z Witaminą A 25g,"3,34",https://www.ceneo.pl/42996773
Zdrovit Calcium cytrynowe 20 tabletek musujących,"3,35",https://www.ceneo.pl/4880969
Calcium 300  +  Vitamina C pomarańczowe 20 tabl.,"3,39",https://www.ceneo.pl/17644647
ALG PHARMA B VitalGold Complex x 60 tabl.,"3,39",https://www.ceneo.pl/91879788
Calcium 300  +  witamina C poziomkowe 20 tabletek musujących,"3,45",https://www.ceneo.pl/27946839
Unipharm Calcium 300 Uni-Phar o smaku pomarań. 20tab,"3,47",https://www.ceneo.pl/90123163
Olimp Chela-Mag B6 Forte Shot 25ml Wiśnia,"3,49",https://www.ceneo.pl/15042511
Vitaminum B Compositum X 50 Draż (Polfa Warszawa),"3,49",https://www.ceneo.pl/4775697
Activlab Pharma Vita C 1000 mg o smaku cytrynowym 20 tabl. mus.,"3,57",https://www.ceneo.pl/98862613
Vitadiet Witamina B Complex 60 Tabl,"3,59",https://www.ceneo.pl/78035107
Rodzina Zdrowia Vitaminum B Complex 60tabl.,"3,61",https://www.ceneo.pl/59150520
ADMIRA Cynk 30 tabl,"3,62",https://www.ceneo.pl/108206966
Zyskaj Zdrowie Witamina B complex 50 tabl.,"3,64",https://www.ceneo.pl/50718871
Goldfarmex Witamina C 1000 mg 20 tabl. mus.,"3,65",https://www.ceneo.pl/44037433
Calcium w folii z witaminą C 12 tabletek musujących,"3,66",https://www.ceneo.pl/4774634
ZYSKAJ ZDROWIE CALCIUM 300mg + KWERCETYNA 20 tabl musujących,"3,66",https://www.ceneo.pl/57432162
Molekin Cynk 15mg 30 tabl,"3,69",https://www.ceneo.pl/97389952
Witamina C 1000mg 10 tabletek musujących,"3,73",https://www.ceneo.pl/4880900
Celia Witamina C odbudowujący krem przeciwzmarszczkowy 75+ 50ml,"8,89",https://www.ceneo.pl/63899205
ANNA COSMETICS Nafta kosmetyczna do włosów z witaminą A+E 120g,"8,93",https://www.ceneo.pl/31093874
Garnier Skin Naturals Mleczna maska na tkaninie rozświetlająca z witaminą C 28 g,"8,99",https://www.ceneo.pl/105402994
Kwiat Życia Krem Do Twarzy Z Witaminą C I Olejem Rokitnika 100Ml,"9,00",https://www.ceneo.pl/139306042
Schaebens Koncentrat Witaminy C 5Szt.,"9,03",https://www.ceneo.pl/120284271
Soraya Just Glow Nawilżający Hydrożel Do Cery Mieszanej I Tłustej Z Witaminą C 50 Ml,"9,09",https://www.ceneo.pl/92842712
EcoLab Japońskie Mleczko do Ciała Witaminy 250ml,"9,15",https://www.ceneo.pl/41219228
Naturplanet Masło Shea Pomarańczowe Z Witaminą E 20Ml,"9,15",https://www.ceneo.pl/89605209
Cussons Pure Nawilżające Mydło Antybakteryjne Do Rąk Rumianek I Witamina E Hand Wash Moisturising Camomile 500ml,"9,29",https://www.ceneo.pl/116327823
ZIOŁOLEK Linourea A+E krem mocznikowy z witaminami A i E 50g,"9,34",https://www.ceneo.pl/37146338
Garnier Skin Naturals Ampułka w masce na tkaninie przeciw oznakom zmęczenia z witaminą C i ekstraktem z ananasa 15g,"9,49",https://www.ceneo.pl/105402991
Blue Pharmaceutical Matka Natura Krem Do Twarzy Witamina C I B5 Kwas Pantetonowy 90Ml Nawilżający Przeciwzmarszczkowy,"9,52",https://www.ceneo.pl/142224109
Cafe Mimi Hipoalergiczny Krem Regenerujący z D-pantenolem Dla Skóry Suchej I Zniszczonej + Witamina E 30ml,"9,53",https://www.ceneo.pl/119836127
Beauty Formulas Serum Z Wit C 30ml,"9,57",https://www.ceneo.pl/104115849
Grace Day Maseczka W Płachcie Do Twarzy Z Witaminą C Traditional Oriental Mask Sheet Vitamin 27Ml,"9,70",https://www.ceneo.pl/116675429
White Pharma Krem Z Witaminą C I Olejem Z Rokitnika Face Cream 100 Ml,"9,79",https://www.ceneo.pl/136408611
Beauty Formulas Rozjaśniający Tonik Do Twarzy Brightening Vitamin C Facial Tonic 150Ml,"9,89",https://www.ceneo.pl/103395312
Brightening Vitamin C Rozjaśniający Peeling Do Twarzy Z Witaminą C 150Ml,"9,98",https://www.ceneo.pl/136093247
Life Skin Treats Witamina C Maseczka Do Twarzy Na Tkaninie,"9,99",https://www.ceneo.pl/117833184
Bione Honey + Q10 regenerująca i ochronna pomadka do ust z witaminą E 17ml,"10,00",https://www.ceneo.pl/49634577
Garnier Vitamin C Żel oczyszczający z witaminą Cg i cytrusem 200 ml,"10,00",https://www.ceneo.pl/131927732
Vipera Nail Polish Remover Fast&Convenient acetonowy zmywacz do paznokci z kompleksem witamin i gliceryną 175ml,"10,09",https://www.ceneo.pl/81417023
Silcare Quin Balsam do ciała Mocznik i witamina E 275ml,"10,11",https://www.ceneo.pl/62925603
Natur Planet Masło Shea nierafinowane pomarańczowe z witaminą E 100ml,"10,15",https://www.ceneo.pl/82247075
Barwa Mydło W Płynie Do Rąk I Ciała Z Witaminą E Natural Extra Care 500ml,"10,19",https://www.ceneo.pl/116328021
Ziaja tonik kwasowy 1% z witaminą C.B3,"10,46",https://www.ceneo.pl/143820060
Soraya Just Glow Rozświetlająca Maska Na Tkaninie Z Efektem Witaminą C,"10,49",https://www.ceneo.pl/119547444
Soraya Just Glow – Krem Nawilżający Do Cery Normalnej Z Witaminą C (50 Ml),"10,49",https://www.ceneo.pl/92839727
"Vitter Blue, Multiwitamina +Minerały, 20 tabl","3,75",https://www.ceneo.pl/84297203
Dextro Energy Glukoza Dextro Lemon Z Witaminą C 46G 8 Kostek,"3,75",https://www.ceneo.pl/39562642
Calcium 300 czyste hypoalergiczne 20 tabletek musujących,"3,77",https://www.ceneo.pl/24885031
Vitaminum B Complex Cephamed tabl. X60,"3,78",https://www.ceneo.pl/83471064
Calcium Dr.Max 20 tabl musujących,"3,83",https://www.ceneo.pl/98075760
Rodzina Zdrowia Vitaminum C Optima 200mg 60 tabl,"3,88",https://www.ceneo.pl/59392791
COLFARM MAX VITA B COMPLEX 60 tabl,"3,88",https://www.ceneo.pl/95059606
Zyskaj Zdrowie Calcium + Witamina C 20 Tabl. Mus.,"3,89",https://www.ceneo.pl/39361928
Global Pharma Cm Medi Pharm Porost Islandzki z witaminą C bez cukru 16 past,"3,89",https://www.ceneo.pl/116223394
Bodymax Tarcza Ochronna x 20 tabl musujących,"3,89",https://www.ceneo.pl/106822718
Swanson Triple Magnesium complex 30 kaps.,"3,90",https://www.ceneo.pl/48778866
Witamilki witamina D3 10ml,"3,90",https://www.ceneo.pl/28216591
ALG PHARMA WITAMINA C 1000 mg 20 tabl musujących,"3,90",https://www.ceneo.pl/92920968
Sanopharm Tymianek + Podbiał Z Witaminą C 12 past.,"3,92",https://www.ceneo.pl/96836375
Witamina C 200mg 50 tabletek,"3,94",https://www.ceneo.pl/14281815
Synoptis Pharma Witamina C Forte Apteo Kapsułki Twarde 15Kaps.,"3,94",https://www.ceneo.pl/92889805
Rutinacea Complete 30 Szt,"3,99",https://www.ceneo.pl/99493217
Allnutrition Witamina C 2000 Shock Shot 80 ml,"3,99",https://www.ceneo.pl/106034470
Dr.Max Witamina C 250mg 50 tabl,"3,99",https://www.ceneo.pl/78442929
Gelviu DZIKA RÓŻA owoc dzikiej róży 50g Witamina C,"3,99",https://www.ceneo.pl/131798652
Galenlab Calcium 300Mg 20Tbl Musujących,"3,99",https://www.ceneo.pl/141561427
Pharmasis Calcium z Wit. C Forte 20tabl.,"3,99",https://www.ceneo.pl/43413778
Active Muss Elektrolity smak cytrynowy 24 tabl,"4,01",https://www.ceneo.pl/64399540
Vitter Blue Witamina C + Cynk x 20 tabl musujących,"4,06",https://www.ceneo.pl/107531039
Zyskaj Zdrowie Witamina C 1000mg 20 tabl.,"4,06",https://www.ceneo.pl/50978710
Cephamed Polska Calcium C pomarańczowe 20 tabl musujących,"4,10",https://www.ceneo.pl/116223425
APTEO Witamina C 1000 mg 15 kaps,"4,10",https://www.ceneo.pl/97389889
Zajatek witamina B2  +  C  +  E 30 tabletek,"4,13",https://www.ceneo.pl/27636263
Cewitan witamina C 1000mg 10 + 5 tabletek musujących,"4,14",https://www.ceneo.pl/14644789
MEDICINAE NOVATIV Calcium 20 tabl. musujących,"4,15",https://www.ceneo.pl/121141295
4F Fuel Shot Z Witaminą C Cytryna-Limonka 25ml,"4,15",https://www.ceneo.pl/144348896
Ams Pharma Calcium+Vitaminum C Optimusss 20tabl,"4,15",https://www.ceneo.pl/86894545
Panawit Calcium z witaminą C smak pomarańczowy 20 tabl,"4,16",https://www.ceneo.pl/60804930
"Laboratoria Gemini Semalab, Witamina C 1000Mg, 10 Kapsułek","4,19",https://www.ceneo.pl/81614471
Olimp Chela-mag B6 Skurcz Shot Pomarańcz Sport 25 Ml,"4,19",https://www.ceneo.pl/102908115
VITASWISS B COMPLEX 60 tabl,"4,20",https://www.ceneo.pl/73438564
Activlab Pharma Vita C 1000 mg o smaku pomarańczowym 20 tabl. mus.,"4,27",https://www.ceneo.pl/98862615
Colfarm Multiwitamina 30 tabletek,"4,28",https://www.ceneo.pl/23964400
GymBeam Magnesium Shot 60 ml cytrynowy,"4,29",https://www.ceneo.pl/95780853
Starpharma Vitaminum C + Wapń Strong 30kaps,"4,39",https://www.ceneo.pl/86463746
Novascon Ceviforte C1500 x 20 tabl.musujacych,"4,40",https://www.ceneo.pl/59802275
Oleofarm Sp. Z O.O. C-Vitum witamina C 1000 mg plus cynk 20tabl,"4,40",https://www.ceneo.pl/117003055
Vitaminum B Complex Forte 50 tabl.,"4,40",https://www.ceneo.pl/42964108
Oleofarm D-Rutin CC 60kaps.,"4,45",https://www.ceneo.pl/128159620
Drvita Med Witamina C 200tabl.,"4,49",https://www.ceneo.pl/113353980
Laboratoria Gemini Semalab Witamina C 200Mg 50 Tabletek Powlekanych,"4,49",https://www.ceneo.pl/82682578
Noblepharma MUSCLE CLINIC D3 + K2 płyn 25ml,"4,49",https://www.ceneo.pl/131716897
Elkos Vivede Vitamin C Tabletki 17szt 102g,"4,50",https://www.ceneo.pl/105096939
Elkos Vivede Calcium Tabletki 17szt,"4,50",https://www.ceneo.pl/107585774
Medicinae Novativ Calcium + Witamina C 20tabl.,"4,50",https://www.ceneo.pl/120376912
Revitaben Witamina C 1000mg 20tabl.,"4,50",https://www.ceneo.pl/26272544
Vitamina C 200 Mg 60 Tabl. (Aflofarm),"4,54",https://www.ceneo.pl/7410727
Mono Witamina C 200mg 50 tabletek,"4,54",https://www.ceneo.pl/71502533
Alg Pharma Witamina C 30 caps,"4,58",https://www.ceneo.pl/92796383
Formeds F-Vit K2 Witamina K2 Mk-7 + Korzeń Cykorii Zdrowe Kości I Naczynia Krwionośne Suplement Diety W Formie Proszku/ 30,"4,59",https://www.ceneo.pl/39092555
Colfarm Max Vita C 1000 10 kaps,"4,60",https://www.ceneo.pl/96573890
Teva Mono Witamina C 50Tabl.,"4,61",https://www.ceneo.pl/143077180
Mbm Pharma Calcium Alergo Complex - Wapń + Kwercytyna 20 Tabl.,"4,61",https://www.ceneo.pl/120376764
CALCIUM + WITAMINA C FORTE BIOTTER Tabletki musujące na niedobór wapnia 20tabl.,"4,69",https://www.ceneo.pl/7410769
Puregood Cukierki Multiwitamina Ze Stewią 50g,"4,69",https://www.ceneo.pl/140487046
Mega Witamina B-Complete 50 tabl.,"4,69",https://www.ceneo.pl/28420168
Witamina C 1000mg 20 tabletek musujących,"4,73",https://www.ceneo.pl/15285009
Stakko Puwer Complex Calcium pomarańczowe 20tabl. musujących,"4,74",https://www.ceneo.pl/131717124
Dextro Energy Glukoza Dextro O Smaku Żurawinowym Z Witaminą C 46G 8 Kostek,"4,74",https://www.ceneo.pl/39562644
Protego Elektrolity Lemon&mint+ 20 tabletek musujących,"4,75",https://www.ceneo.pl/81956955
Chela-Mag B6 Skurcz Smak Grejpfrutowy Płyn 25Ml,"4,79",https://www.ceneo.pl/83471030
Dr Vita Vitamax Calcium + Rutyna 15 Tabl,"4,79",https://www.ceneo.pl/119833670
Syrop Prawoślazowy Z Witaminą C100 ml,"4,79",https://www.ceneo.pl/4881078
Protego witamina C 1000 20 tabl musujących,"4,83",https://www.ceneo.pl/89061896
Novativ calcium + witamina C smak pomarańczowo-brzoskwiniowy 20 tabl. musujących,"4,84",https://www.ceneo.pl/132530378
WELLMEDICA ANGINMED POROST ISL. CZAR.PORZ.B/C 24PAST,"4,89",https://www.ceneo.pl/133560015
"Stakko - Puwer Complex Witamina C 1000 FORTE, 20tabl.","4,89",https://www.ceneo.pl/130891027
Vitaminum C 1000mg Polfa Łódź 20 tabletek musujacych,"4,89",https://www.ceneo.pl/14510902
Olimp Chela-Mag B6 Skurcz Shot 25ml,"4,90",https://www.ceneo.pl/89822094
VITAMINA C 500 mg SYNTEzA 10 kapsułek,"4,90",https://www.ceneo.pl/26715796
Olimp Labs Chela-Mag B6 Forte Shot Ampułka Smak Pomarańczowy 25Ml,"4,90",https://www.ceneo.pl/119833790
Protego Elektrolity Orange 20 Tabletek Musujących,"4,93",https://www.ceneo.pl/81897100
DrVita Witamina C 500 + Cynk 15 tabl,"4,94",https://www.ceneo.pl/120109507
Oleofarm C-Vitum Witamina C 1000mg 30kaps.,"4,95",https://www.ceneo.pl/96743387
Aura Herbals Cynk organiczny 15mg + witamina C 36 pastylek do ssania,"4,95",https://www.ceneo.pl/95769539
2 KC 6 tabl,"4,97",https://www.ceneo.pl/5066399
Cewitan Odporność 30Kaps,"4,98",https://www.ceneo.pl/101197608
GalenLab syrop prawoślazowy z witaminą C 100ml,"4,99",https://www.ceneo.pl/92561151
Superpharm Life Calcium C Pomarańczowe 20 Tabl musujące,"4,99",https://www.ceneo.pl/135565350
"DOZ PRODUCT Calcium Bezsmakowe, tabletki musujące, 20 szt.","4,99",https://www.ceneo.pl/124711241
Dr.Max Witamina B Complex 50 tabl.,"4,99",https://www.ceneo.pl/114286525
Life Witamina C 30tabl,"4,99",https://www.ceneo.pl/92193673
DOZ Calcium + Witamina C smaku pomarańczowym 16 tabl.,"4,99",https://www.ceneo.pl/45287342
DOZ Product Witamina B Complex 60 tabl.,"4,99",https://www.ceneo.pl/44403412
Dextro Energy żurawina z witaminą C glukoza 8 past,"4,99",https://www.ceneo.pl/101232854
Avet Witamina B Complex tabletki powlekane 50 tabl./1opak.,"4,99",https://www.ceneo.pl/129907576
Dextro Energy Glukoza Borówka Z Witaminą C 46G 8 Pastylek,"4,99",https://www.ceneo.pl/111365577
Colfarm Tran Plus 30Kaps,"4,99",https://www.ceneo.pl/97521146
Rodzina Zdrowia Calcium+ Kwercetyna 20 tabletek musujących,"4,99",https://www.ceneo.pl/51167725
"Titlis Spółka Z Ograniczoną Odpowiedzialnością ZINIQ Calcium 500 mg + Witamina C, 20 tabl","4,99",https://www.ceneo.pl/116493710
MultiVit Complex smak wiśniowy 20 tabl.,"5,00",https://www.ceneo.pl/47700667
Calcium Z Vit C Tabletki Musujące 20 Szt.,"5,06",https://www.ceneo.pl/4883279
Stakko - Puwer Complex Elektrolity Senior 20tabl.,"5,09",https://www.ceneo.pl/130891015
Vitaminum B compositum Hec 50 tabletek,"5,10",https://www.ceneo.pl/14281813
Olimp Chela-Mag B6 Forte Shot Smak Wiśniowy 25ml,"5,10",https://www.ceneo.pl/136053200
Activlab Vita C 1500mg 20 tabl,"5,11",https://www.ceneo.pl/67501155
Alg Pharma Witamina C Max 30Tabl,"5,17",https://www.ceneo.pl/75720067
Stakko - Puwer Complex Multiwitamina 20tabl.,"5,19",https://www.ceneo.pl/130891049
Panawit Witamina C Dla Dzieci Do Ssania 20Tabl,"5,19",https://www.ceneo.pl/93741802
Medicinae Novativ Witamina C 1000 Mg 20tabl. Musujące,"5,20",https://www.ceneo.pl/120978642
"Vitaminum C 1000 OptiMusss, 20 tabletek musujących","5,20",https://www.ceneo.pl/35742890
Kwas foliowy 30 tabl.,"5,22",https://www.ceneo.pl/30925016
Drvita Tymianek i podbiał bez cukru koi gardło 8 tabl,"5,25",https://www.ceneo.pl/117329778
"XeniVIT Witamina C 1000 mg, 20 tabl. musujących","5,25",https://www.ceneo.pl/43848665
Vocal o smaku czarnej porzeczki 24 past. twarde,"5,27",https://www.ceneo.pl/98073101
Noblepharma Cartilage Plus Z Hydrolizatem Kolagenu Witaminą C Płyn 25ml,"5,29",https://www.ceneo.pl/139315362
"Witamina C 200mg, tabletki powlekane, 60 szt.","5,29",https://www.ceneo.pl/33446590
Alg Pharma Medi Pharm witamina C max 15 kaps,"5,30",https://www.ceneo.pl/99080892
Domowa Apteczka Witamina B Complex 50 tabletek,"5,35",https://www.ceneo.pl/17920078
Xenico XeniVIT bio Witamina C 1000 20tabl.,"5,35",https://www.ceneo.pl/101563454
Avetinol D + Czosnek 60 kaps,"5,39",https://www.ceneo.pl/99998228
SWANSON Cynk Glukonian 30mg 30 tab.,"5,40",https://www.ceneo.pl/102160278
OLIMP Gold-Vit C 2000 shot o smaku cytrynowym 25ml,"5,43",https://www.ceneo.pl/69853087
Uniphar Vitamina C 1000L 20 tabl.,"5,45",https://www.ceneo.pl/69786332
Polfa-Łódź WITAMINA B-COMPLEX Tabletki na niedobór witamin z grupy B 50tabl.,"5,45",https://www.ceneo.pl/26136178
PHARMACY LABORATORIES C-1000 Plus 60 kaps.,"5,48",https://www.ceneo.pl/120595471
Olimp gold-vit complex shot amp.x 25 ml,"5,49",https://www.ceneo.pl/90140545
"Stakko Puwer Complex - Biflorin Elektrolity, 20tabl.","5,49",https://www.ceneo.pl/131717189
Dextro Energy Glukoza Dextro Energyminis O Smakumalinowym Z Witaminą C 50G,"5,49",https://www.ceneo.pl/111365578
Salvum Lab Witamina C 1000 20Tabl. Musujące,"5,50",https://www.ceneo.pl/144846301
Vitalite Witamina C Forte 20 tabl.,"5,53",https://www.ceneo.pl/49485671
Herbapol Syrop z jeżówki z witaminą C 100ml,"5,54",https://www.ceneo.pl/48114745
Olimp Chela-Mag B6+D3 Forte Shot smak wiśniowy 25 ml,"5,55",https://www.ceneo.pl/92796381
Witamina C 1000 Forte 20 sasz,"5,56",https://www.ceneo.pl/93238716
Protego Cynk Organiczny 30 tabl,"5,57",https://www.ceneo.pl/97035028
Laboratoria Gemini Sema Lab Witamina B Complex 60Tabl. Powlekanych,"5,59",https://www.ceneo.pl/140487011
Stakko Puwer Complex Biflorin Elektrolity 20tabl. musujących,"5,59",https://www.ceneo.pl/131717126
Doppelherz Aktiv Witamina C + Cynk 15tabl.,"5,59",https://www.ceneo.pl/106022403
Zdrovit Complex Witaminy i Minerały 56 tabletek,"5,59",https://www.ceneo.pl/24799730
Witamina C 1000mg 20 tabletek musujących,"5,63",https://www.ceneo.pl/16540046
Swisspharm Rutivit C Max 120 Tabletek,"5,65",https://www.ceneo.pl/74152798
Junior-angin lizaki na ból gardła o smaku truskawkowym 8 szt.,"5,65",https://www.ceneo.pl/59392786
Starpharma Vitaminum C 1000mg strong 30 kaps,"5,65",https://www.ceneo.pl/90026328
Puwer Complex Multiwitamina 20tabl. musujące,"5,68",https://www.ceneo.pl/141235024
Medi Pharm Rutyna z witaminą C i maliną 120 tabl,"5,69",https://www.ceneo.pl/102680136
Cynk organiczny 30 tabletek,"5,69",https://www.ceneo.pl/26136171
Witamina C 1000mg 20 tabletek musujących dla osób odchudzających się oraz diabetyków,"5,71",https://www.ceneo.pl/26817085
MULTIWITAMINA CEPHAMED 20 tabl musujących,"5,72",https://www.ceneo.pl/92050575
Avetin Cynk + Witamina C 30 tabl,"5,75",https://www.ceneo.pl/96842262
Betteryou Conception Oral Spray 25ml,"5,75",https://www.ceneo.pl/113353704
COLFARM VITAMINUM C 200 - 2 x 30 tabl.,"5,79",https://www.ceneo.pl/92747853
"Stakko - Puwer Complex Multiwitamina, kompleks witamin, 20tabl.","5,79",https://www.ceneo.pl/130891026
Mbm Pharma Witamina B Complex 60tabl.,"5,80",https://www.ceneo.pl/144846320
Witamina C Forte 1000mg 20 tabletek musujących,"5,80",https://www.ceneo.pl/38396046
Herbapol Syrop z czystka z wit. C 100 ml,"5,82",https://www.ceneo.pl/43637986
ADMIRA Witamina C krople doustne 30 ml,"5,83",https://www.ceneo.pl/100403074
CeMax 30 tabl.,"5,85",https://www.ceneo.pl/14692303
Witamina B Complex 60 tabl. drażowych TEVA,"5,86",https://www.ceneo.pl/53230148
Vitaminum B Compositum Forte Hec 60 Tabl.,"5,88",https://www.ceneo.pl/17482733
Colfarm Max Cynk Zdrowe Włosy I Paznokcie 30Tabl,"5,90",https://www.ceneo.pl/86876829
Ascorvita Witamina C 10 tabletek musujących,"5,90",https://www.ceneo.pl/4883300
Allnutrition witamina C 1000mg z bioflawonoidami 30 kaps,"5,90",https://www.ceneo.pl/54276876
Olimp Chela-Mag B6 Forte Shot Pomarańczowy 25ml,"5,95",https://www.ceneo.pl/136053206
Zincas MAX C+D3 x 50 tabl,"5,95",https://www.ceneo.pl/110023124
Oleofarm Witamina C C-Vitum 1000Mg Tabletki Musujące 24szt.,"5,98",https://www.ceneo.pl/110322953
Life Calcium + Kwercetyna 20 tabl. musujących,"5,99",https://www.ceneo.pl/96535213
"Titlis Spółka Z Ograniczoną Odpowiedzialnością ZINIQ Witamina C 1000 mg, 20 tabl","5,99",https://www.ceneo.pl/117002995
"DOZ PRODUCT Calcium + Kwercetyna, tabletki musujące, 20 szt.","5,99",https://www.ceneo.pl/124574142
Ziniq Witamina C 250 Mg 50tabl.,"5,99",https://www.ceneo.pl/138053630
RUTINOWITUM C 150 tabl,"5,99",https://www.ceneo.pl/57845412
"Ziniq Calcium 300 Mg + Kwercetyna, 20tabl. Musujących","5,99",https://www.ceneo.pl/136053178
Witamina C tabletki musujące 20 szt,"5,99",https://www.ceneo.pl/37370756
COLGRIP HOT ACTIV saszetki lek na przeziębienie grypę 8sasz,"5,99",https://www.ceneo.pl/32927766
Swanson Witamina C z dziką różą 500mg 100 kaps.,"5,99",https://www.ceneo.pl/14915429
Avetpure Witamina C proszek 100 g,"5,99",https://www.ceneo.pl/98075240
OstroVit Vitamin C 30 tabs,"5,99",https://www.ceneo.pl/84852100
Herbapol Kraków: syrop z kwiatu bzu z witaminą C - 100 ml,"6,00",https://www.ceneo.pl/25824356
Apteo Mutliwitamina z minerałami o smaku pomarańczowym 20 tabl,"6,00",https://www.ceneo.pl/73528863
"VitaCea krople 0,1g/1ml 30ml","6,03",https://www.ceneo.pl/4773898
Herbapol Syrop z buraka z witaminą C 100ml,"6,04",https://www.ceneo.pl/44627052
xenico Pharma Zestaw xenivit Bio Witamina C 1000 2x30 Kaps,"6,04",https://www.ceneo.pl/104114891
Herbapol Syrop Z Dziewanny Z Wit.C 100 ml,"6,04",https://www.ceneo.pl/4775441
"Syrop z kwiatu mniszka z witaminą C, 100ml","6,05",https://www.ceneo.pl/55196352
Medicinae Novativ Calcium + Kwercetyna Smak Cytrynowy 20tabl. Musujących,"6,15",https://www.ceneo.pl/135445213
OLIMP Gold-Vit C 2000 Shot PureWay-C (Witamina C) 25ml Cytryna,"6,18",https://www.ceneo.pl/92376035
Rodzina Zdrowia Immunosine 10 Sasz O U Malinowym,"6,24",https://www.ceneo.pl/77416573
Farmax Witamina C 1000 Mg Musująca Z Błonnikiem 20 Tabletek Musujących,"6,25",https://www.ceneo.pl/22400613
AMOLOWE NA GARDŁO z miodem i witaminą C 16 pastylek,"6,28",https://www.ceneo.pl/40103760
Calcium Kruger 20 tabletek,"6,29",https://www.ceneo.pl/37839528
APTEO Multiwitamina z żeń-szeniem o smaku cytrynowym - 20 tabl. mus.,"6,31",https://www.ceneo.pl/31903284
Gardipect 16 past.,"6,32",https://www.ceneo.pl/28463617
Salvum Laboratories Protego Elektrolity Lemon&mint Musujace 5X20Tabl.,"6,33",https://www.ceneo.pl/127317992
OstroVit Pharma Vitamin C drops 30 ml,"6,38",https://www.ceneo.pl/102158472
Rutokal C Plus 20 Tabletek Musujacych,"6,40",https://www.ceneo.pl/36246100
Rodzina Zdrowia Witamina C 1000 x 20 tabl musujących,"6,41",https://www.ceneo.pl/53240234
Vitbaby C krople dla niemowląt od 1 miesiąca życia 30ml,"6,42",https://www.ceneo.pl/40752913
Pharmasis Vitaminum C 1000 mg + Cynk 20 tabl musujących,"6,46",https://www.ceneo.pl/101445563
Biocanto Witamina B Complex 60tabl. Powlekanych,"6,48",https://www.ceneo.pl/107243015
Plusssz Odporność Senior 100% Complex 20 tabl,"6,48",https://www.ceneo.pl/98247401
Apteo Czosnek kapsułki bezzapachowe 30 kaps.,"6,49",https://www.ceneo.pl/43737172
Life Witamina B Complex 50 tabl,"6,49",https://www.ceneo.pl/94987221
Mbm Pharma Elektrolity + Witamina C 20 Tabl.,"6,50",https://www.ceneo.pl/120376780
Herbapol Kraków: syrop sosnowy z witaminą C - 100 ml,"6,50",https://www.ceneo.pl/10545767
Oleofarm Vita-C Max 1000 Mg Buzzzujące 24Tabl,"6,50",https://www.ceneo.pl/101198452
C-PUWER Witamina C Forte 1000 mg 30 kaps,"6,51",https://www.ceneo.pl/92837902
Pharmasis Vitaminum C 1000mg + propolis + echinacea smak pomarańczowy 20 tabl. musujących,"6,52",https://www.ceneo.pl/42964087
Teva Mono Witamina C X 50 Tabl,"6,58",https://www.ceneo.pl/81112191
Colfarm Beta Karoten Plus 60 kaps.,"6,59",https://www.ceneo.pl/53088668
Protego Multiwitamina + Cynk 20 tabl. musujących,"6,59",https://www.ceneo.pl/107221176
"Activlab - Vita C 1500mg,  smak pomarańczowy, 20 tabl.","6,60",https://www.ceneo.pl/124301892
Uniphar Cynk Organiczny Forte 15Mg,"6,62",https://www.ceneo.pl/102601443
Novativ Alco Control 15 tabletek,"6,64",https://www.ceneo.pl/137626501
Medicinae Novativ Calcium + Kwercetyna Smak Cytrynowy 20tabl. Musujących,"6,65",https://www.ceneo.pl/135445104
Info Farm Naturplanet Chlorek Magnezu 500g,"6,66",https://www.ceneo.pl/87125119
Body Vitality Complex + D3 30 kaps.,"6,69",https://www.ceneo.pl/93930405
name,price,link
Dermatol Proszek 2 G,"2,09",https://www.ceneo.pl/15038553
Farmina Puder w płynie 100 g,"6,11",https://www.ceneo.pl/2540019
Hasco-Lek Puder płynny wysuszający 100 g,"6,61",https://www.ceneo.pl/30918709
Dermopur Puder W Płynie 60 G Tuba,"6,79",https://www.ceneo.pl/4879124
Propolis 3% Puder 30G,"7,16",https://www.ceneo.pl/14054165
Proftin-G zasypka do stóp 120g,"7,21",https://www.ceneo.pl/4774538
Zasypka antyperspiracyjna 100 g,"7,29",https://www.ceneo.pl/31892538
Dermopur Puder Plynny 60 g,"7,88",https://www.ceneo.pl/28538639
Hasco Puder płynny z anestezyną 100 g,"7,93",https://www.ceneo.pl/8588523
Farmona nivelazione zasypka do stóp i obuwia 110 g,"8,25",https://www.ceneo.pl/53240283
Zasypka ziołowa szałwiowo rumiankowa 100g,"8,76",https://www.ceneo.pl/10690057
Aflofarm Puder płynny z anestezyną 100 g,"9,04",https://www.ceneo.pl/7412684
Antypot puder leczniczy 30 g,"9,50",https://www.ceneo.pl/28086832
Alta Ziol.Sr.P/Poc.Nóg Prosz. 40 G,"9,54",https://www.ceneo.pl/7417527
PIPI NITOLIC Zestaw (saszetka 20 ml + grzebień),"9,79",https://www.ceneo.pl/32092585
Puder propolisowy 3% 30 g. - Farmapia,"10,50",https://www.ceneo.pl/8588592
Pedipur S puder przeciwpotny do stóp i dłoni 60g,"11,50",https://www.ceneo.pl/61491508
"Pedipur puder leczniczy 0,2 g|1g 60 g","11,79",https://www.ceneo.pl/52986150
Mykodermina puder leczniczy 15g,"11,86",https://www.ceneo.pl/4879107
Pudroderm 140g,"11,90",https://www.ceneo.pl/8362114
Puder Propolisowy 7% Preparat na stany zapalne skóry otarcia i oparzenia 30g,"12,35",https://www.ceneo.pl/30924888
BARTPOL Propolis 3% puder 30g,"12,40",https://www.ceneo.pl/10737841
Żyworódka W Zasypce 50 ml,"12,43",https://www.ceneo.pl/25695169
Antypot Zasypka 30 G,"12,99",https://www.ceneo.pl/7417524
Mercator Medical Rękawice Nitrylowe Nitrylex Pf Bez Pudru Niebieskie 100szt. Rozmiar M,"14,99",https://www.ceneo.pl/35545504
Rękawiczki winylowe bez pudru Simple Vinyl PF (M),"15,30",https://www.ceneo.pl/102767555
Brava puder do skóry w stomii 25 g 16 szt,"15,50",https://www.ceneo.pl/101160829
Doman Rękawice winylowe bez pudru,"15,90",https://www.ceneo.pl/49618469
Daktarin Puder leczniczy 20mg/g 20 g,"16,07",https://www.ceneo.pl/4774395
"Puder Rodzinny Do Pielęgnacji Ciala(Pampa), 100 G","16,57",https://www.ceneo.pl/4879108
"Makeup Revolution Lipstick szminka do ust Make Me Tonight 3,8g","0,60",https://www.ceneo.pl/52688753
Delia Cosmetics Velvet Matt Long Wear Be Glamour 3D Lashes trwała szminka z matowym wykończeniem odcień 104 So Cute 5ml,"1,99",https://www.ceneo.pl/96757117
Delia Cosmetics Velvet Matt Long Wear Be Glamour 3D Lashes trwała szminka z matowym wykończeniem odcień 105 Berry Sorbet 5ml,"1,99",https://www.ceneo.pl/96757120
Delia Cosmetics Velvet Matt Long Wear Be Glamour 3D Lashes trwała szminka z matowym wykończeniem odcień 108 Obsession 5ml,"1,99",https://www.ceneo.pl/96757125
Revlon Vital Radiance Szminka Do Ust 046 Classic Wine,"3,99",https://www.ceneo.pl/34825177
W7 Szminka Do Ust Matte Kiss Lipstick Tendertouch,"4,80",https://www.ceneo.pl/57481390
Astor Kiss & Go trwała szminka 212 Sexy,"4,99",https://www.ceneo.pl/90121684
rimmel SZMINKA W PŁYNIE STAY MATTE 810,"5,99",https://www.ceneo.pl/68616404
Virtual Półtransparentna szminka do ust 06-showup,"6,19",https://www.ceneo.pl/90140175
Ingrid Cosmetics Ochronna szminka balsam do ust Beauty Balm Protective Lipstick gumabalonowa,"6,22",https://www.ceneo.pl/102089386
Ingrid Cosmetics Ochronna szminka balsam do ust Beauty Balm Protective Lipstick owoceegzotyczne,"6,27",https://www.ceneo.pl/116440483
Technic Colour Max Matowa Szminka Matte Pink,"6,40",https://www.ceneo.pl/86239315
Maybelline Color Drama szminkaw pisaku 140 Minimalist 2g,"6,59",https://www.ceneo.pl/39052665
"Makeup Revolution Nudes Collection Metallic metaliczna szminka w płynie Corset 2,2g","6,78",https://www.ceneo.pl/79431159
"Makeup Revolution Matte szminka matująca odcień 119 Hustle 3,5 ml","6,97",https://www.ceneo.pl/92512811
Essence Stay 8h Matte długotrwała szminka w płynie odcień 02 Duck Face 3ml,"7,19",https://www.ceneo.pl/91368241
Essence Stay 8h Matte długotrwała szminka w płynie odcień 05 Date Proof 3ml,"7,19",https://www.ceneo.pl/91368243
"Makeup Revolution Matte szminka matująca odcień 121 Head-turner 3,5ml","7,21",https://www.ceneo.pl/92984365
MUA Luxe Matowa Szminka w Płynie Kooky,"7,99",https://www.ceneo.pl/72373391
AVON Mark Szminka  Matte Legend  Flawless,"8,00",https://www.ceneo.pl/98257458
"Essence hydra MATTE matowa szminka nawilżająca odcień 402 Honey-stly 3,5g","8,39",https://www.ceneo.pl/127522183
I Heart Makeup Lip Geek Szminka Totally Not Boring,"8,39",https://www.ceneo.pl/46000669
"Essence hydra MATTE matowa szminka nawilżająca odcień 404 Virtu-rose 3,5g","8,39",https://www.ceneo.pl/127522186
"Essence hydra MATTE matowa szminka nawilżająca odcień 403 Peach It! 3,5g","8,39",https://www.ceneo.pl/127522185
"Essence hydra MATTE matowa szminka nawilżająca odcień 401 Mauve-Ment 3,5g","8,39",https://www.ceneo.pl/127522181
"Essence hydra MATTE matowa szminka nawilżająca odcień 408 Pink Positive 3,5g","8,39",https://www.ceneo.pl/127522195
"Makeup Revolution Lip Vinyl szminka w płynie odcień Glorified 3,6ml","8,41",https://www.ceneo.pl/92114506
"Makeup Revolution Lip Vinyl szminka w płynie odcień Chauffeur 3,6ml","8,41",https://www.ceneo.pl/93598353
"Makeup Revolution Lip Vinyl szminka w płynie odcień Ruby 3,6ml","8,41",https://www.ceneo.pl/91720009
"Makeup Revolution Lip Vinyl szminka w płynie odcień Ballerina 3,6ml","8,41",https://www.ceneo.pl/91720010
Starpharma Puder Rodzinny Do Ciała 100G,"16,75",https://www.ceneo.pl/95470179
"Makeup Revolution Lip Vinyl szminka w płynie odcień Dollhouse 3,6ml","8,41",https://www.ceneo.pl/91720014
"Makeup Revolution Lip Vinyl szminka w płynie odcień Black Forest 3,6ml","8,41",https://www.ceneo.pl/91720008
"Makeup Revolution Lip Vinyl szminka w płynie odcień Icon 3,6ml","8,41",https://www.ceneo.pl/93598352
Maybelline Color Drama szminkaw pisaku 130 Love My Pink 2g,"8,59",https://www.ceneo.pl/39052662
I Heart Makeup Lip Geek Szminka Is This All I Need,"8,68",https://www.ceneo.pl/46000663
Makeup Revolution Matte matowa szminka odcień 121 Head Turner 3ml,"8,78",https://www.ceneo.pl/85848823
Rimmel Lasting Finish Lasting Finish trwała szminka odcień 700 Unclothed 4g,"8,78",https://www.ceneo.pl/100810048
Vipera Rendez Vous szminka do ust długotrwała 80 Ample 4g,"8,80",https://www.ceneo.pl/81119417
"Maybelline Color Drama Szminka W W Pisaku
 210 Keep It Classy Intensive Velvet Lip Pencil 2G","8,99",https://www.ceneo.pl/45736655
Makeup Revolution Silicone Eye Szminka w Płynie Death by Chocolate 12ml,"9,07",https://www.ceneo.pl/51463303
Makeup Revolution Matte matowa szminka 107 RBF 3ml,"9,10",https://www.ceneo.pl/86314122
"Essence Hydrating Nude szminka nawilżająca odcień 301 3,5 g","9,19",https://www.ceneo.pl/113983015
Magnetic Play Zone Hamster Barwa i Blask szminka SK08 Safari Hue 2g,"9,49",https://www.ceneo.pl/81329419
Bebe Young Care Szminka różana 4.9g,"9,49",https://www.ceneo.pl/127181412
Magnetic Play Zone Hamster Barwa i Blask szminka SK02 Coral Gem 2g,"9,49",https://www.ceneo.pl/81329413
Makeup Revolution Matte matowa szminka odcień 101 Piece Of Cake 3ml,"9,63",https://www.ceneo.pl/85848819
Mua Luxe Matowa Szminka W Płynie Flair,"9,75",https://www.ceneo.pl/86239412
Constance Carroll Szminka W Kredce Matte Power Lipstick 10 Red Wine,"9,88",https://www.ceneo.pl/86239551
Constance Carroll Matte Power Lipstick Matowa szminka w kredce 11-fuchsia,"9,88",https://www.ceneo.pl/90140152
Constance Carroll Szminka W Kredce Matte Power Lipstick 12 Magenta,"9,88",https://www.ceneo.pl/86239552
Makeup Revolution Matte matowa szminka odcień 102 Misbehaving 3ml,"9,95",https://www.ceneo.pl/87445129
"Nyx High Voltage Lipstick Szminka do Ust Beam 2,5g","9,99",https://www.ceneo.pl/51031682
"Nyx High Voltage Lipstick Szminka do Ust Hollywood 2,5g","9,99",https://www.ceneo.pl/51031686
"Colyfine Regenerujące Serum do Ust w Szmince 4,1g","9,99",https://www.ceneo.pl/50351985
"Nyx High Voltage Lipstick Szminka do Ust Rags To Riches 2,5g","9,99",https://www.ceneo.pl/51031688
Makeup Revolution Szminka Iconic Pro 32g,"9,99",https://www.ceneo.pl/69868235
Pierre Rene Lips Cashmere szminka No 04 3g,"9,99",https://www.ceneo.pl/80693052
"Nyx High Voltage Lipstick Szminka do Ust Burlesque 2,5g","9,99",https://www.ceneo.pl/51031683
AVON Matowa szminka True Color  Ruby Kiss,"10,00",https://www.ceneo.pl/92122758
Catrice Ultimate Stay Szminka do Ust 090,"10,00",https://www.ceneo.pl/46000770
AVON Matowa szminka True Color  Truest Red,"10,00",https://www.ceneo.pl/92122878
Catrice Ultimate Lip Colour Kryjąca pomadka do ust 360 MATTRACTION,"10,00",https://www.ceneo.pl/34925249
Catrice Ultimate Colour Szminka do Ust 410,"10,00",https://www.ceneo.pl/46000764
"Makeup Revolution Nudes Collection Metallic metaliczna szminka w płynie Lingerie 2,2g","10,03",https://www.ceneo.pl/79431161
"Makeup Revolution Nudes Collection Metallic metaliczna szminka w płynie Pixelated 2,2g","10,03",https://www.ceneo.pl/79431162
Makeup Revolution Matte matowa szminka odcień 122 Darling 3ml,"10,03",https://www.ceneo.pl/87445125
Essence Stay 8h Matte długotrwała szminka w płynie odcień 01 Hello Sunrise 3ml,"10,09",https://www.ceneo.pl/91368240
"Essence Caring Shine Szminka Pielęgnująca Odcień My Love 3,5 G","10,09",https://www.ceneo.pl/140530518
"Essence Electric Glow szminka zmieniająca kolor w zależności od nastroju 3,2g","10,09",https://www.ceneo.pl/127522179
"Essence Caring Shine Szminka Pielęgnująca Odcień 204 My Way 3,5 G","10,09",https://www.ceneo.pl/141649877
"Essence Caring Shine Szminka Pielęgnująca Odcień 201 My Dream 3,5 G","10,09",https://www.ceneo.pl/141649878
"Essence Caring Shine Szminka Pielęgnująca Odcień 202 My Mind 3,5 G","10,09",https://www.ceneo.pl/141649879
Essence Stay 8h Matte długotrwała szminka w płynie odcień 08 Dare You 3ml,"10,09",https://www.ceneo.pl/91368244
Artdeco The Sound of Beauty Perfect Mat szminka z matowym wykończeniem 134.138 Black Currant 4g,"10,13",https://www.ceneo.pl/49612297
"Makeup Revolution Halloween Vinyl Liquid Lip długotrwała szminka w płynie z wysokim połyskiem odcień Scream 2,2g","10,13",https://www.ceneo.pl/87445000
Makeup Revolution Matte matowa szminka odcień 103 Knockout 3ml,"10,19",https://www.ceneo.pl/87445131
"Golden Rose Szminka z Woskiem 133 4,2g","10,34",https://www.ceneo.pl/45843329
Maybelline Szminka Hydra Extreme z Kolagenem Bogaty Kolor i Głębokie Nawilżenie 535 Passion Red 4ml,"10,39",https://www.ceneo.pl/27218797
bourjois Metaliczna szminka do ust Rouge Fabuleux Lipstick 21 chocolat show,"10,39",https://www.ceneo.pl/95351273
Vipera Pomadka Odporny Kolor Mpz Hamster Sk06 Serene Beauty,"10,49",https://www.ceneo.pl/25924616
Vipera Pomadka Utleniająca Mpz Hamster Su03 Tiul,"10,49",https://www.ceneo.pl/26176470
Magnetic Play Zone Hamster Barwa i Blask szminka SK05 Ginger Grace 2g,"10,49",https://www.ceneo.pl/81329416
"Nina Ricci Puder Brązujący Lumiere Solaire 86 3,5 g","1,79",https://www.ceneo.pl/54417311
"Nina Ricci Puder W Kamieniu Hale Beige 117 3,5G","1,79",https://www.ceneo.pl/92170804
Lirene Peel Puff Oczyszczający puder peelingujący Jęczmień + Agawa 7g,"2,99",https://www.ceneo.pl/112980804
Lirene Peel Puff Oczyszczający puder peelingujący Węgiel + Glinka 7g,"2,99",https://www.ceneo.pl/112980803
Antybakteryjny Dezodorant W Pudrze Do Kąpieli Stóp Ałun - Beauté Marrakech Deodorant Alum Powder 25 g,"3,00",https://www.ceneo.pl/85466205
Ronney Professional Puder Do Paznokci Nail Art Powder Glitter 00053,"3,00",https://www.ceneo.pl/102907625
Ronney Professional Puder Do Paznokci Nail Art Powder Glitter 00046,"3,20",https://www.ceneo.pl/102907627
Ronney Professional Puder Do Paznokci Nail Art Powder Glitter 00065,"3,20",https://www.ceneo.pl/102907642
Douglas Collection Powder Puff Puszek do pudru,"3,59",https://www.ceneo.pl/88647884
DONEGAL PUSzEK DO PUDRU biały 9082,"3,80",https://www.ceneo.pl/17048315
Lirene Peel Puff Musujący puder peelingujący Pestki moreli + Witamina C 7g,"3,88",https://www.ceneo.pl/112980802
Balea Relaksująca Sól/Puder Do Kąpieli Magnolia,"3,95",https://www.ceneo.pl/106847525
Puszek Gąbeczka Gąbka do Pudru Bawełniany Puff,"3,99",https://www.ceneo.pl/134635982
Intervion Pędzel Classic Wachlarz,"3,99",https://www.ceneo.pl/97952970
Dax Cosmetics Celia De Luxe Velvet Touch 103 Sandy Beige Puder Prasowany  9 G,"3,99",https://www.ceneo.pl/97518984
Annco Duży Puszek Do Pudru Okrągły Czarny 1Szt,"4,19",https://www.ceneo.pl/77642914
Top Choice Makijaż Puszek do pudru sypkiego 6456,"4,19",https://www.ceneo.pl/10665922
Top Choice Makijaż Puszek do pudru sypkiego 6494,"4,19",https://www.ceneo.pl/10665924
DONEGAL PUSzEK DO PUDRU różowy (9081),"4,20",https://www.ceneo.pl/24610889
Top Choice Fashion Design Puszek do pudru (36804),"4,32",https://www.ceneo.pl/73617737
Top Choice Fashion Design Puszek do pudru 36828,"4,32",https://www.ceneo.pl/73617759
INTER-VION 499086 1szt - puszek do pudru,"4,57",https://www.ceneo.pl/101795096
Azzurra Puder Torebka 100G,"4,96",https://www.ceneo.pl/143759448
Inter Vion Puszek do makijażu 499460,"4,99",https://www.ceneo.pl/25049476
Inter-Vion Inter Vion Puszek Do Pudru Mały,"5,00",https://www.ceneo.pl/38040356
Inter-Vion Puszek do pudru z kokardką,"5,00",https://www.ceneo.pl/59150308
Inter Vion Inter Vion Puszek Do Pudru Z Tasiemka I Obszyc,"5,00",https://www.ceneo.pl/97012145
Top Choice Puszek Do Pudru 6494 Beżowy,"5,31",https://www.ceneo.pl/90026530
Dermalogica Top Choice Puszek Do Pudru Sypkiego,"5,37",https://www.ceneo.pl/135712890
Allwaves Bleaching Powder Rozjaśniacz do technik z wolnej ręki 25 g,"5,39",https://www.ceneo.pl/123528139
Ronney Professional Puder Do Paznokci Nail Art Powder Glitter 00031,"5,40",https://www.ceneo.pl/102907609
Ronney Professional Puder Do Paznokci Nail Art Powder Glitter 00070,"5,40",https://www.ceneo.pl/102907616
Ronney Professional Puder Do Paznokci Nail Art Powder Glitter 00067,"5,40",https://www.ceneo.pl/102907620
Ronney Professional Puder Do Paznokci Nail Art Powder Glitter 00068,"5,40",https://www.ceneo.pl/102907623
Ronney Professional Puder Do Paznokci Nail Art Powder Glitter 00049,"5,40",https://www.ceneo.pl/102907633
Ronney Professional Puder Do Paznokci Nail Art Powder Glitter 00054,"5,40",https://www.ceneo.pl/102907638
Ronney Professional Puder Do Paznokci Nail Art Powder Glitter 00064,"5,40",https://www.ceneo.pl/102907645
Ronney Professional Puder Do Paznokci Nail Art Powder Glitter 00062,"5,40",https://www.ceneo.pl/102907649
Ronney Professional Puder Do Paznokci Nail Art Powder Glitter 00063,"5,40",https://www.ceneo.pl/102907651
Ronney Professional Puder Do Paznokci Nail Art Powder Glitter 00043,"5,40",https://www.ceneo.pl/102907653
Ronney Professional Puder Do Paznokci Nail Art Powder Glitter 00042,"5,40",https://www.ceneo.pl/102907656
Ronney Professional Puder Do Paznokci Nail Art Powder Glitter 00071,"5,40",https://www.ceneo.pl/102907672
Ronney Professional Puder Do Paznokci Nail Art Powder Glitter 00083,"5,40",https://www.ceneo.pl/102907682
Ronney Professional Puder Do Paznokci Nail Art Powder Glitter 00080,"5,40",https://www.ceneo.pl/102907684
Ronney Professional Puder Do Paznokci Nail Art Powder Glitter 00084,"5,40",https://www.ceneo.pl/102907692
Ronney Professional Puder Do Paznokci Nail Art Powder Glitter 00032,"5,40",https://www.ceneo.pl/102907611
Ronney Professional Puder Do Paznokci Nail Art Powder Glitter 00037,"5,40",https://www.ceneo.pl/102907612
Ronney Professional Puder Do Paznokci Nail Art Powder Glitter 00055,"5,40",https://www.ceneo.pl/102907636
Ronney Professional Puder Do Paznokci Nail Art Powder Glitter 00066,"5,40",https://www.ceneo.pl/102907667
Ronney Professional Puder Do Paznokci Nail Art Powder Glitter 00081,"5,40",https://www.ceneo.pl/102907685
Ronney Professional Puder Do Paznokci Nail Art Powder Glitter 00036,"5,40",https://www.ceneo.pl/102907601
Ronney Professional Puder Do Paznokci Nail Art Powder Glitter 0005,"5,40",https://www.ceneo.pl/102907603
Ronney Professional Puder Do Paznokci Nail Art Powder Glitter 00056,"5,40",https://www.ceneo.pl/102907634
Ronney Professional Puder Do Paznokci Nail Art Powder Glitter 00044,"5,40",https://www.ceneo.pl/102907654
Ronney Professional Puder Do Paznokci Nail Art Powder Glitter 00047,"5,40",https://www.ceneo.pl/102907660
Ronney Professional Puder Do Paznokci Nail Art Powder Glitter 00072,"5,40",https://www.ceneo.pl/102907665
Ronney Professional Puder Do Paznokci Nail Art Powder Glitter 00078,"5,40",https://www.ceneo.pl/102907679
Ronney Professional Puder Do Paznokci Nail Art Powder Glitter 00079,"5,40",https://www.ceneo.pl/102907680
Ronney Professional Puder Do Paznokci Nail Art Powder Glitter 00035,"5,40",https://www.ceneo.pl/102907605
Ronney Professional Puder Do Paznokci Nail Art Powder Glitter 00040,"5,40",https://www.ceneo.pl/102907622
Ronney Professional Puder Do Paznokci Nail Art Powder Glitter 00061,"5,40",https://www.ceneo.pl/102907643
Ronney Professional Puder Do Paznokci Nail Art Powder Glitter 00050,"5,40",https://www.ceneo.pl/102907662
Ronney Professional Puder Do Paznokci Nail Art Powder Glitter 00075,"5,40",https://www.ceneo.pl/102907668
Ronney Professional Puder Do Paznokci Nail Art Powder Glitter 00038,"5,40",https://www.ceneo.pl/102907674
Ronney Professional Puder Do Paznokci Nail Art Powder Glitter 00086,"5,40",https://www.ceneo.pl/102907687
Ronney Professional Puder Do Paznokci Nail Art Powder Glitter 00085,"5,40",https://www.ceneo.pl/102907688
Ronney Professional Puder Do Paznokci Nail Art Powder Glitter 00034,"5,40",https://www.ceneo.pl/102907607
Ronney Professional Puder Do Paznokci Nail Art Powder Glitter 00033,"5,40",https://www.ceneo.pl/102907614
Ronney Professional Puder Do Paznokci Nail Art Powder Glitter 00057,"5,40",https://www.ceneo.pl/102907640
Ronney Professional Puder Do Paznokci Nail Art Powder Glitter 00060,"5,40",https://www.ceneo.pl/102907647
Ronney Professional Puder Do Paznokci Nail Art Powder Glitter 00073,"5,40",https://www.ceneo.pl/102907670
Ronney Professional Puder Do Paznokci Nail Art Powder Glitter 00074,"5,40",https://www.ceneo.pl/102907677
Ronney Professional Puder Do Paznokci Nail Art Powder Glitter 00039,"5,40",https://www.ceneo.pl/102907678
Ronney Professional Puder Do Paznokci Nail Art Powder Glitter 00082,"5,40",https://www.ceneo.pl/102907686
Fitokosmetik Fitness Model ODMŁADZAJĄCY SCRUB DO TWARZY z pudrem perłowym 45ml,"5,58",https://www.ceneo.pl/70228912
Hebe Professional Puszek Do Pudru 1 Szt.,"5,59",https://www.ceneo.pl/145116840
KALLOS Puder utleniający Bleaching Puder 35 gr,"5,87",https://www.ceneo.pl/15392034
Felce Azzurra Talk do ciała 100 g w saszetce,"5,89",https://www.ceneo.pl/16750887
DONEGAL PUSZEK DO PUDRU,"5,89",https://www.ceneo.pl/16682740
"Many Beauty - Triangle Powder Puff Trójkątny, Welurowy Puszek Do Pudru Czarny","5,90",https://www.ceneo.pl/130102818
Alpa Pedik Deo Puder Do Stóp 100 G,"5,99",https://www.ceneo.pl/132029220
Revers XL Puder Prasowany 03,"5,99",https://www.ceneo.pl/105053729
Revers XL Puder Prasowany 05,"5,99",https://www.ceneo.pl/105053736
Revers XL Puder Prasowany 06,"5,99",https://www.ceneo.pl/105053739
Avon Zestaw Pędzli Do Makijażu 3szt Brwi Puder,"5,99",https://www.ceneo.pl/115375144
Delia Shape Defined Sun Glow Brązujący Puder W Kamieniu 402 Brunette 9G,"5,99",https://www.ceneo.pl/84825200
Rimmel Puder matujący Stay Matte 030 Caramel,"5,99",https://www.ceneo.pl/110634328
Niko Puszek do pudru K2914,"5,99",https://www.ceneo.pl/34921875
Revers XL Puder Prasowany 02,"5,99",https://www.ceneo.pl/105053726
Revers XL Puder Prasowany 04,"5,99",https://www.ceneo.pl/105053732
Delia Stay Matt Puder Prasowany Matujący 206 Sand 9G,"5,99",https://www.ceneo.pl/84825184
Delia Stay Matt Puder Prasowany Matujący 204 Beige 9G,"5,99",https://www.ceneo.pl/84825188
Pędzelek Cyrkonie Pędzel Do Pyłu Pudru Makijażu,"5,99",https://www.ceneo.pl/122622496
Kleral System Puder Rozjaśniający Z Efektem Niwelującym Żółty Odcień Włosów - Platinker 20 G,"6,15",https://www.ceneo.pl/136750689
Revers CARE & MATT Puder prasowany 04 8g,"6,20",https://www.ceneo.pl/97216626
Arganove Naturalny Puder Arganowy Do Kąpieli Stóp Olej Cedrowy I Pomarańcza Natural Alum Cedar And Orange 50 g,"6,20",https://www.ceneo.pl/120205222
BingoSpa Ocean Blue puder do kąpieli z żeń-szeniem 580 g,"6,20",https://www.ceneo.pl/49673562
Eucryl toothpowder original proszek wybielający do zębów 50 g,"6,49",https://www.ceneo.pl/26215727
Ronney Professional Puder Do Paznokci Nail Art Powder Glitter 00051,"6,56",https://www.ceneo.pl/102907664
Golden Rose Microfiber Powder Puff puszek do pudru,"6,80",https://www.ceneo.pl/22351977
Bass Cosmetics Proszek  puder akrylowy kolorowy  03 różowy przezroczysty 7 ml,"6,99",https://www.ceneo.pl/127983008
Bass Cosmetics Proszek  puder akrylowy kolorowy  04 różowy pastelowy 7 ml,"6,99",https://www.ceneo.pl/127983010
Bass Cosmetics Proszek  puder akrylowy kolorowy  07 brzoskwiniowy intensywny 7 ml,"6,99",https://www.ceneo.pl/127983018
Bass Cosmetics Proszek  puder akrylowy kolorowy  10 różowy jasny 7 ml,"6,99",https://www.ceneo.pl/127983023
Bass Cosmetics Proszek  puder akrylowy kolorowy  11 różowy jasny 2 7 ml,"6,99",https://www.ceneo.pl/127983025
Bass Cosmetics Proszek  puder akrylowy kolorowy  19 różowy fioletowy 7 ml,"6,99",https://www.ceneo.pl/127983036
Bass Cosmetics Proszek  puder akrylowy kolorowy  22 fioletowy 7 ml,"6,99",https://www.ceneo.pl/127983042
Bass Cosmetics Proszek  puder akrylowy kolorowy  26 pomarańczowy intensywny 7 ml,"6,99",https://www.ceneo.pl/127983048
Bass Cosmetics Proszek  puder akrylowy kolorowy  30 czerwony malinowy 7 ml,"6,99",https://www.ceneo.pl/127983059
Bass Cosmetics Proszek  puder akrylowy kolorowy  39 zielony neonowy 7 ml,"6,99",https://www.ceneo.pl/127983077
Bass Cosmetics Proszek  puder akrylowy kolorowy  41 zielony intensywny 7 ml,"6,99",https://www.ceneo.pl/127983082
Bass Cosmetics Proszek  puder akrylowy kolorowy  43 niebieski pastelowy 7 ml,"6,99",https://www.ceneo.pl/127983087
Bass Cosmetics Proszek  puder akrylowy kolorowy  49 niebieski ciemny 7 ml,"6,99",https://www.ceneo.pl/127983099
Bass Cosmetics Proszek  puder akrylowy kolorowy  50 niebieski szary 7 ml,"6,99",https://www.ceneo.pl/127983105
Bass Cosmetics Proszek  puder akrylowy kolorowy brokatowy  B3 biały srebrny pył 7 ml,"6,99",https://www.ceneo.pl/127983122
Bass Cosmetics Proszek  puder akrylowy kolorowy brokatowy  B13 pomarańczowy 7 ml,"6,99",https://www.ceneo.pl/127983141
Bass Cosmetics Proszek  puder akrylowy kolorowy brokatowy  B18 niebieski jasny 7 ml,"6,99",https://www.ceneo.pl/127983217
Bass Cosmetics Proszek  puder akrylowy kolorowy brokatowy  B19 niebieski opalizujący 7 ml,"6,99",https://www.ceneo.pl/127983218
Bass Cosmetics Proszek  puder akrylowy kolorowy brokatowy  B25 srebrny opalizujący 7 ml,"6,99",https://www.ceneo.pl/127983229
Bass Cosmetics Proszek  puder akrylowy kolorowy brokatowy  B33 miedziany 7 ml,"6,99",https://www.ceneo.pl/127983238
Bass Cosmetics Proszek  puder akrylowy kolorowy brokatowy  B39 czarny multikolor 7 ml,"6,99",https://www.ceneo.pl/127983243
Bass Cosmetics Proszek  puder akrylowy kolorowy perłowy  P4 różowy jasny 7 ml,"6,99",https://www.ceneo.pl/127984081
Bass Cosmetics Proszek  puder akrylowy kolorowy perłowy  P6 różowy srebrny 7 ml,"6,99",https://www.ceneo.pl/127984083
Bass Cosmetics Proszek  puder akrylowy kolorowy perłowy  P7 różowy złoty 7 ml,"6,99",https://www.ceneo.pl/127984086
Bass Cosmetics Proszek  puder akrylowy kolorowy perłowy  P8 brzoskwiniowy 7 ml,"6,99",https://www.ceneo.pl/127984088
Bass Cosmetics Proszek  puder akrylowy kolorowy perłowy  P10 różowy słodki 2 7 ml,"6,99",https://www.ceneo.pl/127984093
Bass Cosmetics Proszek  puder akrylowy kolorowy perłowy  P11 różowy intensywny 7 ml,"6,99",https://www.ceneo.pl/127984096
Bass Cosmetics proszek  puder akrylowy kolorowy perłowy  P30 wiśniowy 7 ml,"6,99",https://www.ceneo.pl/127984145
Bass Cosmetics Proszek  puder akrylowy kolorowy perłowy  P32 rdzawy neonowy 7 ml,"6,99",https://www.ceneo.pl/127984153
Bass Cosmetics Proszek  puder akrylowy kolorowy perłowy  P36 żółty pastelowy 7 ml,"6,99",https://www.ceneo.pl/127984167
Bass Cosmetics Proszek  puder akrylowy kolorowy perłowy  P37 żółty 7 ml,"6,99",https://www.ceneo.pl/127984171
Bass Cosmetics Proszek  puder akrylowy kolorowy perłowy  P38 złoty 7 ml,"6,99",https://www.ceneo.pl/127984175
Bass Cosmetics Proszek  puder akrylowy kolorowy perłowy  P41 seledynowy 7 ml,"6,99",https://www.ceneo.pl/127984186
Bass Cosmetics Proszek  puder akrylowy kolorowy perłowy  P45 niebieski jasny 7 ml,"6,99",https://www.ceneo.pl/127984196
Bass Cosmetics Proszek  puder akrylowy kolorowy perłowy  P47 niebieski ciemny 7 ml,"6,99",https://www.ceneo.pl/127984204
Bass Cosmetics Proszek  puder akrylowy kolorowy perłowy  P53 czarny 7 ml,"6,99",https://www.ceneo.pl/127984223
Bass Cosmetics Proszek  Puder Akrylowy Kolorowy Perłowy - P16 Różowy Połyskliwy 7ml,"6,99",https://www.ceneo.pl/140949969
Bass Cosmetics Proszek  Puder Akrylowy Kolorowy - 17 Różowy Malinowy 7ml,"6,99",https://www.ceneo.pl/140950103
Bass Cosmetics Proszek  Puder Akrylowy Kolorowy Perłowy - P29 Cynamonowy 7ml,"6,99",https://www.ceneo.pl/140950113
Bass Cosmetics Proszek  Puder Akrylowy Kolorowy - 35 Żółty 7ml,"6,99",https://www.ceneo.pl/140950198
Bass Cosmetics Proszek  Puder Akrylowy Kolorowy Perłowy - P2 Różowy Przezroczysty 7ml,"6,99",https://www.ceneo.pl/140950360
Maroko Produkt Glinka Zielona Puder Cera Trądzikowa Arganove 70g,"6,99",https://www.ceneo.pl/110318042
Pędzelek do usuwania pyłu paznokci pudru makijażu,"6,99",https://www.ceneo.pl/115878375
Lovely Golden Glow New Edition Puder Do Konturowania Twarzy 03 Cool Brown 10g,"6,99",https://www.ceneo.pl/70223475
Bass Cosmetics Proszek  puder akrylowy kolorowy  31 czerwony 7 ml,"6,99",https://www.ceneo.pl/127982993
"Bass Cosmetics Proszek  puder akrylowy kolorowy  08 różowy ""brudny"" 7 ml","6,99",https://www.ceneo.pl/127983020
Bass Cosmetics Proszek  puder akrylowy kolorowy  13 różowy intensywny 7 ml,"6,99",https://www.ceneo.pl/127983029
Bass Cosmetics Proszek  puder akrylowy kolorowy  18 różowy wrzosowy 7 ml,"6,99",https://www.ceneo.pl/127983035
Bass Cosmetics Proszek  puder akrylowy kolorowy  21 fioletowy pastelowy 7 ml,"6,99",https://www.ceneo.pl/127983041
Bass Cosmetics Proszek  puder akrylowy kolorowy  27 pomarańczowy rudy 7 ml,"6,99",https://www.ceneo.pl/127983050
Bass Cosmetics Proszek  puder akrylowy kolorowy brokatowy  B2 przezroczysty multikolor 7 ml,"6,99",https://www.ceneo.pl/127983119
Bass Cosmetics Proszek  puder akrylowy kolorowy brokatowy  B11 różowy metaliczny 7 ml,"6,99",https://www.ceneo.pl/127983135
Bass Cosmetics Proszek  puder akrylowy kolorowy brokatowy  B20 niebieski 7 ml,"6,99",https://www.ceneo.pl/127983220
Bass Cosmetics Proszek  puder akrylowy kolorowy brokatowy  B22 niebieski metaliczny 7 ml,"6,99",https://www.ceneo.pl/127983224
Bass Cosmetics Proszek  puder akrylowy kolorowy perłowy  P13 brzoskwiniowy ciemny 7 ml,"6,99",https://www.ceneo.pl/127984104
Bass Cosmetics Proszek  puder akrylowy kolorowy perłowy  P21 czerwony 7 ml,"6,99",https://www.ceneo.pl/127984126
Bass Cosmetics Proszek  puder akrylowy kolorowy perłowy  P25 wrzosowy 7 ml,"6,99",https://www.ceneo.pl/127984136
Bass Cosmetics Proszek  puder akrylowy kolorowy perłowy  P40 zielony neonowy 7 ml,"6,99",https://www.ceneo.pl/127984182
Bass Cosmetics Proszek  puder akrylowy kolorowy perłowy  P42 miętowy 7 ml,"6,99",https://www.ceneo.pl/127984189
Bass Cosmetics Proszek  Puder Akrylowy Kolorowy Perłowy - P44 Turkusowy 7ml,"6,99",https://www.ceneo.pl/140950108
Bass Cosmetics Proszek  Puder Akrylowy Kolorowy Perłowy - P3 Różowy Pastelowy 7ml,"6,99",https://www.ceneo.pl/140950142
Bass Cosmetics Proszek  Puder Akrylowy Kolorowy Perłowy - P18 Koralowy 7ml,"6,99",https://www.ceneo.pl/140950200
Bass Cosmetics Proszek  Puder Akrylowy Kolorowy Brokatowy - B32 Ceglasty 7ml,"6,99",https://www.ceneo.pl/140950294
Maroko Produkt Glinka Czerwona Puder Cera Naczynkowa Arganove 70g,"6,99",https://www.ceneo.pl/110318046
Bass Cosmetics Proszek  puder akrylowy 7 ml  różowy,"6,99",https://www.ceneo.pl/127982718
Bass Cosmetics Proszek  puder akrylowy kolorowy brokatowy  B9 różowy purpurowy 7 ml,"6,99",https://www.ceneo.pl/127982727
Bass Cosmetics Proszek  puder akrylowy kolorowy  15 różowy neonowy 7 ml,"6,99",https://www.ceneo.pl/127982991
Bass Cosmetics Proszek  puder akrylowy 7 ml  przezroczysty,"6,99",https://www.ceneo.pl/127983002
Bass Cosmetics Proszek  puder akrylowy kolorowy  02 biały mleczny 7 ml,"6,99",https://www.ceneo.pl/127983006
Bass Cosmetics Proszek  puder akrylowy kolorowy  05 różowy pastelowy 2 7 ml,"6,99",https://www.ceneo.pl/127983012
Bass Cosmetics Proszek  puder akrylowy kolorowy  00 przezroczysty 7 ml,"6,99",https://www.ceneo.pl/127983014
"Bass Cosmetics Proszek  puder akrylowy kolorowy  09 różowy ""brudny"" jasny 7 ml","6,99",https://www.ceneo.pl/127983022
Bass Cosmetics Proszek  puder akrylowy kolorowy  14 różowy słodki 7 ml,"6,99",https://www.ceneo.pl/127983031
Bass Cosmetics Proszek  puder akrylowy kolorowy  34 żółty neonowy 7 ml,"6,99",https://www.ceneo.pl/127983066
Bass Cosmetics Proszek  puder akrylowy kolorowy  37 miętowy 7 ml,"6,99",https://www.ceneo.pl/127983072
Bass Cosmetics Proszek  puder akrylowy kolorowy  40 zielony soczysty 7 ml,"6,99",https://www.ceneo.pl/127983079
Bass Cosmetics Proszek  puder akrylowy kolorowy  44 niebieski jasny 7 ml,"6,99",https://www.ceneo.pl/127983090
Bass Cosmetics Proszek  puder akrylowy kolorowy  45 niebieski 7 ml,"6,99",https://www.ceneo.pl/127983093
Bass Cosmetics Proszek  puder akrylowy kolorowy  46 niebieski neonowy 7 ml,"6,99",https://www.ceneo.pl/127983096
Bass Cosmetics Proszek  puder akrylowy kolorowy  51 srebrny 7 ml,"6,99",https://www.ceneo.pl/127983108
Bass Cosmetics Proszek  puder akrylowy kolorowy  53 miedziany 7 ml,"6,99",https://www.ceneo.pl/127983110
Bass Cosmetics Proszek  puder akrylowy kolorowy brokatowy  B8 różowy malinowy 7 ml,"6,99",https://www.ceneo.pl/127983130
Bass Cosmetics Proszek  puder akrylowy kolorowy brokatowy  B30 złoty holograficzny 7 ml,"6,99",https://www.ceneo.pl/127983235
Bass Cosmetics Proszek  puder akrylowy kolorowy brokatowy  B37 brązowy złoty 7 ml,"6,99",https://www.ceneo.pl/127983240
Bass Cosmetics Proszek  puder akrylowy kolorowy brokatowy  B40 czarny 7 ml,"6,99",https://www.ceneo.pl/127983245
Bass Cosmetics Proszek  puder akrylowy kolorowy perłowy  P9 różowy słodki 7 ml,"6,99",https://www.ceneo.pl/127984091
Bass Cosmetics Proszek  puder akrylowy kolorowy perłowy  P12 różowy Barbie 7 ml,"6,99",https://www.ceneo.pl/127984100
Bass Cosmetics Proszek  puder akrylowy kolorowy perłowy  P20 różowy neonowy 7 ml,"6,99",https://www.ceneo.pl/127984122
Bass Cosmetics Proszek  puder akrylowy kolorowy perłowy  P28 rdzawy jasny 7 ml,"6,99",https://www.ceneo.pl/127984141
Bass Cosmetics Proszek  puder akrylowy kolorowy perłowy  P31 malinowy ciemny 7 ml,"6,99",https://www.ceneo.pl/127984149
Bass Cosmetics Proszek  puder akrylowy kolorowy perłowy  P34 bordowy jasny 7 ml,"6,99",https://www.ceneo.pl/127984159
Bass Cosmetics Proszek  puder akrylowy kolorowy perłowy  P39 żółty zielony 7 ml,"6,99",https://www.ceneo.pl/127984178
Bass Cosmetics Proszek  puder akrylowy kolorowy perłowy  P52 czarny granatowy 7 ml,"6,99",https://www.ceneo.pl/127984219
Bass Cosmetics Proszek  Puder Akrylowy Kolorowy - 48 Turkusowy 7ml,"6,99",https://www.ceneo.pl/140949984
Bass Cosmetics Proszek  Puder Akrylowy Kolorowy Brokatowy - B1 Przezroczysty Perła 7ml,"6,99",https://www.ceneo.pl/140949985
Bass Cosmetics Proszek  Puder Akrylowy Kolorowy Perłowy - P23 Pomarańczowy 7ml,"6,99",https://www.ceneo.pl/140950208
Virtual Puder matujący 02 PALE,"6,99",https://www.ceneo.pl/104574451
Virtual Puder matujący 04 WARM BEIGE,"6,99",https://www.ceneo.pl/104574452
Pędzelek Do Pudru Różu Contour Brush Pink,"6,99",https://www.ceneo.pl/144833949
Bass Cosmetics Proszek  puder akrylowy kolorowy  25 pomarańczowy 7 ml,"6,99",https://www.ceneo.pl/127982998
Bass Cosmetics Proszek  puder akrylowy 7 ml  kamuflujący,"6,99",https://www.ceneo.pl/127983000
Bass Cosmetics Proszek  puder akrylowy kolorowy  01 biały 7 ml,"6,99",https://www.ceneo.pl/127983004
Bass Cosmetics Proszek  puder akrylowy kolorowy  06 brzoskwiniowy jasny 7 ml,"6,99",https://www.ceneo.pl/127983016
Bass Cosmetics Proszek  puder akrylowy kolorowy  16 różowy ciemny 7 ml,"6,99",https://www.ceneo.pl/127983033
Bass Cosmetics Proszek  puder akrylowy kolorowy  28 pomarańczowy neonowy 7 ml,"6,99",https://www.ceneo.pl/127983053
Bass Cosmetics Proszek  puder akrylowy kolorowy  29 pomarańczowy czerwony 7 ml,"6,99",https://www.ceneo.pl/127983056
Bass Cosmetics Proszek  puder akrylowy kolorowy  32 żółty pastelowy 7 ml,"6,99",https://www.ceneo.pl/127983061
Bass Cosmetics Proszek  puder akrylowy kolorowy  36 żółty pomarańczowy 7 ml,"6,99",https://www.ceneo.pl/127983069
Bass Cosmetics Proszek  puder akrylowy kolorowy  38 pistacjowy 7 ml,"6,99",https://www.ceneo.pl/127983075
Bass Cosmetics Proszek  puder akrylowy kolorowy  42 zielony ciemny 7 ml,"6,99",https://www.ceneo.pl/127983085
Bass Cosmetics Proszek  puder akrylowy kolorowy brokatowy  B7 różowy brzoskwiniowy 7 ml,"6,99",https://www.ceneo.pl/127983127
Bass Cosmetics Proszek  puder akrylowy kolorowy brokatowy  B15 miętowy 7 ml,"6,99",https://www.ceneo.pl/127983211
Bass Cosmetics Proszek  puder akrylowy kolorowy brokatowy  B17 turkusowy 7 ml,"6,99",https://www.ceneo.pl/127983215
Bass Cosmetics Proszek  puder akrylowy kolorowy brokatowy  B24 srebrny pył 7 ml,"6,99",https://www.ceneo.pl/127983227
Bass Cosmetics Proszek  puder akrylowy kolorowy brokatowy  B31 złoty metaliczny 7 ml,"6,99",https://www.ceneo.pl/127983236
Bass Cosmetics Proszek  puder akrylowy kolorowy brokatowy  B38 brązowy ciemny 7 ml,"6,99",https://www.ceneo.pl/127983242
Bass Cosmetics Proszek  puder akrylowy kolorowy perłowy  P1 biały 7 ml,"6,99",https://www.ceneo.pl/127984078
Bass Cosmetics Proszek  puder akrylowy kolorowy perłowy  P14 różowy łososiowy 7 ml,"6,99",https://www.ceneo.pl/127984107
Bass Cosmetics Proszek  puder akrylowy kolorowy perłowy  P27 fioletowy 7 ml,"6,99",https://www.ceneo.pl/127984139
Bass Cosmetics Proszek  puder akrylowy kolorowy perłowy  P43 błękitny 7 ml,"6,99",https://www.ceneo.pl/127984194
Bass Cosmetics Proszek  puder akrylowy kolorowy perłowy  P46 niebieski 7 ml,"6,99",https://www.ceneo.pl/127984200
Bass Cosmetics Proszek  puder akrylowy kolorowy perłowy  P49 brązowy ciemny 7 ml,"6,99",https://www.ceneo.pl/127984208
Bass Cosmetics Proszek  puder akrylowy kolorowy perłowy  P50 srebrny wrzosowy 7 ml,"6,99",https://www.ceneo.pl/127984212
Bass Cosmetics Proszek  puder akrylowy kolorowy perłowy  P51 srebrny 7 ml,"6,99",https://www.ceneo.pl/127984215
Bass Cosmetics Proszek  Puder Akrylowy Kolorowy Brokatowy - B28 Złoty Pył 7ml,"6,99",https://www.ceneo.pl/140950115
Bass Cosmetics Proszek  Puder Akrylowy Kolorowy Brokatowy - B27 Srebrny Holograficzny Duży 7ml,"6,99",https://www.ceneo.pl/140950116
Bass Cosmetics Proszek  Puder Akrylowy Kolorowy Brokatowy - B14 Żółty 7ml,"6,99",https://www.ceneo.pl/140950166
Bass Cosmetics Proszek  Puder Akrylowy Kolorowy - 57 Czarny 7ml,"6,99",https://www.ceneo.pl/140950194
Bass Cosmetics Proszek  Puder Akrylowy Kolorowy Brokatowy - B4 Różowy Cukierek 7ml,"6,99",https://www.ceneo.pl/140950210
Bass Cosmetics Proszek  Puder Akrylowy Kolorowy Perłowy - P48 Brązowy 7ml,"6,99",https://www.ceneo.pl/140950293
Bass Cosmetics Proszek  puder akrylowy kolorowy  12 fuksja 7 ml,"6,99",https://www.ceneo.pl/127983027
Bass Cosmetics Proszek  puder akrylowy kolorowy  20 fioletowy jasny 7 ml,"6,99",https://www.ceneo.pl/127983038
Bass Cosmetics Proszek  puder akrylowy kolorowy  23 fioletowy neonowy 7 ml,"6,99",https://www.ceneo.pl/127983044
Bass Cosmetics Proszek  puder akrylowy kolorowy  24 fioletowy ciemny 7 ml,"6,99",https://www.ceneo.pl/127983047
Bass Cosmetics Proszek  puder akrylowy kolorowy  33 żółty bananowy 7 ml,"6,99",https://www.ceneo.pl/127983064
Bass Cosmetics Proszek  puder akrylowy kolorowy  54 brązowy rudy 7 ml,"6,99",https://www.ceneo.pl/127983113
Bass Cosmetics Proszek  puder akrylowy kolorowy  55 brązowy 7 ml,"6,99",https://www.ceneo.pl/127983116
Bass Cosmetics Proszek  puder akrylowy kolorowy brokatowy  B6 różowy ciemny 7 ml,"6,99",https://www.ceneo.pl/127983125
Bass Cosmetics Proszek  puder akrylowy kolorowy brokatowy  B10 różowy fioletowy niebieski 7 ml,"6,99",https://www.ceneo.pl/127983133
Bass Cosmetics Proszek  puder akrylowy kolorowy brokatowy  B12 różowy srebrny 7 ml,"6,99",https://www.ceneo.pl/127983138
Bass Cosmetics Proszek  puder akrylowy kolorowy brokatowy  B16 zielony 7 ml,"6,99",https://www.ceneo.pl/127983213
Bass Cosmetics Proszek  puder akrylowy kolorowy brokatowy  B21 granatowy 7 ml,"6,99",https://www.ceneo.pl/127983222
Bass Cosmetics Proszek  puder akrylowy kolorowy brokatowy  B23 niebieski biały 7 ml,"6,99",https://www.ceneo.pl/127983225
Bass Cosmetics Proszek  puder akrylowy kolorowy brokatowy  B26 srebrny metaliczny 7 ml,"6,99",https://www.ceneo.pl/127983231
Bass Cosmetics Proszek  puder akrylowy kolorowy brokatowy  B29 złoty opalizujący 7 ml,"6,99",https://www.ceneo.pl/127983233
Bass Cosmetics Proszek  puder akrylowy kolorowy perłowy  P15 różowy opalizujący 7 ml,"6,99",https://www.ceneo.pl/127984111
Bass Cosmetics Proszek  puder akrylowy kolorowy perłowy  P17 różowy pomarańczowy 7 ml,"6,99",https://www.ceneo.pl/127984115
Bass Cosmetics Proszek  puder akrylowy kolorowy perłowy  P19 różowy wiśniowy 7 ml,"6,99",https://www.ceneo.pl/127984118
Bass Cosmetics Proszek  puder akrylowy kolorowy perłowy  P22 czerwony pomarańczowy 7 ml,"6,99",https://www.ceneo.pl/127984128
Bass Cosmetics Proszek  puder akrylowy kolorowy perłowy  P24 żurawinowy 7 ml,"6,99",https://www.ceneo.pl/127984132
Bass Cosmetics Proszek  puder akrylowy kolorowy perłowy  P33 bordowy ciemny 7 ml,"6,99",https://www.ceneo.pl/127984157
Bass Cosmetics Proszek  puder akrylowy kolorowy perłowy  P35 kawowy 7 ml,"6,99",https://www.ceneo.pl/127984163
Bass Cosmetics Proszek  Puder Akrylowy Kolorowy - 52 Złoty 7ml,"6,99",https://www.ceneo.pl/140950076
Bass Cosmetics Proszek  Puder Akrylowy Kolorowy Brokatowy - B36 Multikolor Opalizujący 2 7ml,"6,99",https://www.ceneo.pl/140950078
Bass Cosmetics Proszek  Puder Akrylowy Kolorowy - 56 Szary 7ml,"6,99",https://www.ceneo.pl/140950396
Maroko Produkt Glinka Rhassoul Puder Cera Normalna i Tłusta Arganove 70g,"6,99",https://www.ceneo.pl/110318039
Maroko Produkt Glinka Biała Puder Cera Wrażliwa Arganove 70g,"6,99",https://www.ceneo.pl/110318044
Ronney Professional Puder Do Paznokci Nail Art Powder Glitter 00093,"7,01",https://www.ceneo.pl/102907699
Ronney Professional Puder Do Paznokci Nail Art Powder Glitter 00045,"7,01",https://www.ceneo.pl/102907629
Ronney Professional Puder Do Paznokci Nail Art Powder Glitter 00048,"7,01",https://www.ceneo.pl/102907631
Ronney Professional Puder Do Paznokci Nail Art Powder Glitter 00069,"7,01",https://www.ceneo.pl/102907675
Ronney Professional Puder Do Paznokci Nail Art Powder Glitter 00090,"7,01",https://www.ceneo.pl/102907691
Ronney Professional Puder Do Paznokci Nail Art Powder Glitter 00113,"7,01",https://www.ceneo.pl/102907720
Ronney Professional Puder do paznokci Nail Art Powder Glitter 00089,"7,01",https://www.ceneo.pl/103014964
Ronney Professional Puder Do Paznokci Nail Art Powder Glitter 00107,"7,01",https://www.ceneo.pl/103014968
Ronney Professional Puder Do Paznokci Nail Art Powder Glitter 00104,"7,01",https://www.ceneo.pl/102907694
Ronney Professional Puder Do Paznokci Nail Art Powder Glitter 00103,"7,01",https://www.ceneo.pl/102907695
Ronney Professional Puder Do Paznokci Nail Art Powder Glitter 00102,"7,01",https://www.ceneo.pl/103014967
Ronney Professional Puder Do Paznokci Nail Art Powder Glitter 00052,"7,01",https://www.ceneo.pl/102907658
GORVITA Puder rodzinny pielęgnacyjny 50ml,"7,06",https://www.ceneo.pl/30512474
Rimmel London Stay Matte Long Lasting Pressed Powder puder 14 g Odcień 001 Transparent,"7,07",https://www.ceneo.pl/22726973
Constance Carroll Silky Pressed Puder W Kamieniu Mocha 31 Uk Kryjący 12 G,"7,19",https://www.ceneo.pl/117981374
Glam Shop Magnetyczna puderniczka do wkładów 36mm,"7,49",https://www.ceneo.pl/119929246
Proftin-M do stóp zasypka 100 g,"7,49",https://www.ceneo.pl/21920596
PROFTIN G TEA TREE zASYPKA DO STÓP 120G,"7,49",https://www.ceneo.pl/20012249
Fitokosmetik Fitness Model KREM DO TWARZY z diamentowym pudrem 45ml,"7,50",https://www.ceneo.pl/70228897
DCM Lightening puder rozjaśniający 25g,"7,50",https://www.ceneo.pl/92808878
MACKAR Zasypka do stóp 100g,"7,51",https://www.ceneo.pl/94883666
Nivelazione Zasypka do stóp i obuwia.Długotrwała ochrona w talku 100g,"7,60",https://www.ceneo.pl/116564608
WIBO PETAL POWDER PUSZEK DO PUDRU,"7,65",https://www.ceneo.pl/144006986
Nayoma Zasypka do stóp 100g,"7,89",https://www.ceneo.pl/92987471
Revers XL Puder Prasowany 01,"7,95",https://www.ceneo.pl/105053723
Revers CARE & MATT Puder prasowany 06 8g,"7,97",https://www.ceneo.pl/97216629
Revers CARE & MATT Puder prasowany 01 8g,"7,97",https://www.ceneo.pl/97216620
Peggy Sage Puszek Do Pudru x 2 szt,"7,98",https://www.ceneo.pl/53844249
Peggy Sage  Duży puszek do pudru 1 szt,"7,98",https://www.ceneo.pl/53594980
Skarb Matki Talk Kosmetyczny Do Ciała Dla Dorosłych 100G,"7,99",https://www.ceneo.pl/105887943
REVERS HD BEAUTY MATTING POWDER Puder prasowany nr 03 9g,"7,99",https://www.ceneo.pl/93011914
K! Puszek Do Pudru,"7,99",https://www.ceneo.pl/88306974
"Moia Puder Transparentny 6,5g","8,00",https://www.ceneo.pl/88307832
Revers Egyptian Sun Puder Brązujący 14,"8,06",https://www.ceneo.pl/105053746
Revers Egyptian Sun Puder Brązujący 15,"8,06",https://www.ceneo.pl/105053749
Rimmel Stay Matte Pressed Face Powder Warm Honey 010 14 G,"8,28",https://www.ceneo.pl/90375530
Beauty Formulas Stopy Puder do stóp antybakteryjny 100g,"8,32",https://www.ceneo.pl/91834780
"Rimmel Puder Do Brwi 003 Dark Brown 0,7 g","8,39",https://www.ceneo.pl/53863661
Yellow Puder Rozjaśniający Do 7 Tonów 20G,"8,45",https://www.ceneo.pl/96346420
Rimmel London Stay Matte Long Lasting Pressed Powder 14 g Odcień 007 Mohair,"8,59",https://www.ceneo.pl/27205435
Mac Kar Talk kosmetyczny 140 g,"8,64",https://www.ceneo.pl/1318604
Dax Cosmetics Celia De Luxe Velvet Touch 104 Sunny Beige Puder Prasowany  9 G,"8,79",https://www.ceneo.pl/97518985
Lovely Honey Bee Beautiful Honeycomb Highlighting Powder Rozświetlający Puder Do Twarzy 1 9G,"8,89",https://www.ceneo.pl/144006535
Inter Vion Makeup Passion Fan Brush Pędel Do Pudru Wachlarz,"8,89",https://www.ceneo.pl/98108606
Golden Rose EYEBROW POWDER Puder do brwi vit. E 102,"8,90",https://www.ceneo.pl/35587734
Golden Rose EYEBROW POWDER Puder do brwi vit. E 101,"8,90",https://www.ceneo.pl/35587735
FIRMA RODZINNA MAKARCZYKOWIE Zasypka do stóp do codziennej higieny stóp 100g,"8,94",https://www.ceneo.pl/124142610
Revers Egyptian Sun Puder Brązujący 13,"8,99",https://www.ceneo.pl/105053743
"Ecocera BARLEY LOOSE POWDER Sypki puder jęczmienny TESTER 2,5g","8,99",https://www.ceneo.pl/93464215
ALTA proszek przeciw poceniu się stóp 40 g,"8,99",https://www.ceneo.pl/12873431
REVERS Puder Bronze&Shimmer nr 03,"8,99",https://www.ceneo.pl/106843669
Sattva Ayurveda Amla Proszek Wzmacnia Cebulki Włosów Dodaje Włosom Blasku 100 G,"8,99",https://www.ceneo.pl/87839825
Estetica Chlapu Chlap Musujący Puder Do Kąpieli Oranżada 150G,"8,99",https://www.ceneo.pl/84826519
Beaute Marrakech Henna Naturalna W Pudrze 100G,"8,99",https://www.ceneo.pl/60837710
Alpa Pedik Pedik talk do stóp 100 g,"9,00",https://www.ceneo.pl/49735749
Indigo Puder Proszek Akrylowy Cover No.3 4 g,"9,00",https://www.ceneo.pl/124819336
Indigo Puder Proszek Akrylowy Competition White 4 g,"9,00",https://www.ceneo.pl/124819334
Chlapu Chlap Musujący Puder Do Kąpieli Lody Malinowe 150G,"9,00",https://www.ceneo.pl/94449678
Peggy Sage Puszek Do Pudru Sypkiego,"9,03",https://www.ceneo.pl/53595481
Golden Rose EYEBROW POWDER Puder do brwi vit. E 103,"9,14",https://www.ceneo.pl/35587733
Marion Dr Koala Ochronna zasypka do stóp i obuwia 40 g,"9,18",https://www.ceneo.pl/103750440
Fitokosmetik Fitness Model ODNAWIAJĄCY KWASOWY PEELING DO TWARZY ze złotym pudrem 45ml,"9,19",https://www.ceneo.pl/70228902
Medicinae Sp. Z O.O. Heltiso Care Talk Kosmetyczny Bezzapachowy 100 G,"9,20",https://www.ceneo.pl/142492957
HEAN Puder prasowany matujący City Fashion 3 morelowy 13 g,"9,27",https://www.ceneo.pl/31893409
Rimmel London Stay Matte Long Lasting Pressed Powder puder 14 g Odcień 005 Silky Beige,"9,39",https://www.ceneo.pl/22726988
Celia Velvet Touch Puder Brązujący Nr105,"9,42",https://www.ceneo.pl/98108384
Hesh Maseczka w pudrze Neem-Tone 50 g,"9,44",https://www.ceneo.pl/2073918
Yellow Puder Rozjaśniający Do 9 Tonów 50G,"9,45",https://www.ceneo.pl/96346424
Makeup Obsession Game Set Matte Puder do Twarzy Sahara,"9,46",https://www.ceneo.pl/86377165
Rimmel London Stay Matte Long Lasting Pressed Powder puder 14 g Odcień 006 Warm Beige,"9,49",https://www.ceneo.pl/22726997
Alfaparf Milano Alfaparf Easy Lift 7 Blonde&Brunette Puder Rozjaśniający Do 7 Tonów 50G,"9,50",https://www.ceneo.pl/87826766
Alta puder przeciw poceniu się stóp 40 g,"9,50",https://www.ceneo.pl/31290435
Rimmel London Stay Matte puder 14g 008 Cashmere,"9,50",https://www.ceneo.pl/82871515
Nacomi Puder do Kąpieli Malinowa Babeczka 150g,"9,59",https://www.ceneo.pl/51773899
Nacomi Bublle Puder do kąpieli Greckie lato 150G,"9,59",https://www.ceneo.pl/52520421
Time Out Puder Zwiększający Objętość Instant Volume Powder 10G,"9,59",https://www.ceneo.pl/97111389
Rimmel Stay Matte Pressed Powder Puder prasowany 14g 004 Sandstorm,"9,68",https://www.ceneo.pl/19845624
"Makeup Revolution Pressed Powder Puder prasowany 6,8g Porcelain","9,72",https://www.ceneo.pl/31532167
Revers Hdbeauty Pro Contour Palette Paleta Do Konturowania Twarzy Nr 01 12G,"9,73",https://www.ceneo.pl/90213728
Revers Puder Ryżowy Prasowany Rice Derma Fixer 10G,"9,73",https://www.ceneo.pl/133563390
Hean Puder Do Twarzy Matte All Day Compact Powder 502 Ivory,"9,79",https://www.ceneo.pl/57481962
Rimmel Podklady Korektory Pressed Powder Puder Stay Matte Peach Glow 003,"9,79",https://www.ceneo.pl/18020935
Golden Rose EYEBROW POWDER Puder do brwi vit. E 106,"9,79",https://www.ceneo.pl/35587730
No36 Puder Do Stóp I Obuwia Dezodorujący Z Naturalnymi Składnikami 35G,"9,80",https://www.ceneo.pl/93554682
Hesh Aritha Szampon Naturalny Puder Do Włosów 100g,"9,87",https://www.ceneo.pl/39804822
"MEDIS SUN GLOW BROKAT I GLAM, BROKATOWY PUDER Z EFEKTEM MASY PERŁOWEJ, FIOLETOWY","9,89",https://www.ceneo.pl/143762565
Amilie Mineral Cosmetics Podkład mineralny JOJOBA Sweet Almond 7g,"9,90",https://www.ceneo.pl/88482906
BEAUTIFLY Pędzel rybka Gold,"9,90",https://www.ceneo.pl/62483037
ALTA proszek przeciwpotowy do stóp,"9,93",https://www.ceneo.pl/6072841
Spuma di Sciampagna Włoski talk perfumowany 200ml,"9,95",https://www.ceneo.pl/16750829
"Manhattan Brow Shake Filling Puder Do Brwi Blond 001 2,5g","9,99",https://www.ceneo.pl/119658565
Manhattan Clearface 2in1 Powder & Make Up 2 w 1 Puder + Podkład 78 Rose Beige,"9,99",https://www.ceneo.pl/26169200
"Revers Zestaw Do Konkurowania Twarzy Bronzera, Różu Policzków Oraz Rozświetlacza Pure Mineral Contour 01 - 7,5 G (130166)","9,99",https://www.ceneo.pl/138523790
Inter Vion pędzel do pudru różu konturowania różowe złoto,"9,99",https://www.ceneo.pl/50347176
Isabellenails Puder Proszek Akryl Clear 15ml,"9,99",https://www.ceneo.pl/97650495
REVERS Puder rozświetlający glitter nights nr 04,"9,99",https://www.ceneo.pl/106842952
"Nina Ricci Puder Brązujący Souffle Solaire 3,5g","9,99",https://www.ceneo.pl/41199611
Golden Rose EYEBROW POWDER Puder do brwi vit. E 104,"9,99",https://www.ceneo.pl/35587732
Constance Carroll Puder Kamień Refil 5 Daydream II 12 g,"9,99",https://www.ceneo.pl/53595036
Wibo Sparkling Lady Baked Powder Puder Rozświetlający Do Twarzy I Ciała 22G,"9,99",https://www.ceneo.pl/97014708
BOURJOIS Paris Bourjois Powder Brush Pędzel Do Makijażu,"10,00",https://www.ceneo.pl/106843649
Sleek Base Duo Kit Podkład Z Pudrem 338 Fudge,"10,00",https://www.ceneo.pl/142985301
Diadem Puder prasowany M & S w puderniczce 8,"10,00",https://www.ceneo.pl/31665189
Diadem Puder prasowany M & S w puderniczce 7,"10,00",https://www.ceneo.pl/31665190
KERASTASE GENESIS PUDER DETOKSYKUJĄCY 2G,"10,00",https://www.ceneo.pl/93216890
Bell Monkey Business Banana Powder Puder Upiększająco Rozświetlający 9g,"10,00",https://www.ceneo.pl/143531465
Hesh Tonizująca Maska W Pudrze Do Twarzy Manjishta Powder 50G,"10,00",https://www.ceneo.pl/97455372
Sleek Base Duo Kit Podkład Z Pudrem 351 White Rose,"10,00",https://www.ceneo.pl/142985287
Sleek Base Duo Kit Podkład Z Pudrem 343 Terracotta,"10,00",https://www.ceneo.pl/142985303
CATRICE Multi Colour Puder w kompakcie 010 ROSE BEIGE,"10,00",https://www.ceneo.pl/31218917
Oriflame – Dezodoryzujący Talk Do Stóp Feet Up,"10,00",https://www.ceneo.pl/135712158
CATRICE Balsam do ust w kredce Pure Shine Colour 050,"10,00",https://www.ceneo.pl/31720252
Sleek Base Duo Kit Podkład Z Pudrem 335 Barley,"10,00",https://www.ceneo.pl/142985270
Diadem Puder prasowany M & S w puderniczce 2,"10,00",https://www.ceneo.pl/31665194
Kerastase Genesis Detox Puder Detoksykujący 2g,"10,00",https://www.ceneo.pl/128743181
Revers CARE & MATT Puder prasowany 02 8g,"10,01",https://www.ceneo.pl/97216622
Rimmel London Stay Matte Long Lasting Pressed Powder 14 g Puder 002 Pink Blossom,"10,03",https://www.ceneo.pl/27229251
Golden Rose EYEBROW POWDER Puder do brwi vit. E 107,"10,04",https://www.ceneo.pl/35587729
Revers Puder rozświetlający STROBE & GLOW HIGHLIGHTER 03 Champagne 8g,"10,08",https://www.ceneo.pl/125362284
REVERS Puder rozświetlający strobe 4 harmony,"10,08",https://www.ceneo.pl/106842984
REVERS Puder rozświetlający strobe 08 opal,"10,08",https://www.ceneo.pl/108002989
REVERS Revers puder rozświetlający strobe 1 unicorn,"10,08",https://www.ceneo.pl/108002986
Revers Puder rozświetlający STROBE & GLOW HIGHLIGHTER 06 Emotion 8g,"10,08",https://www.ceneo.pl/125362369
REVERS Revers puder rozświetlający strobe 2 eternal,"10,08",https://www.ceneo.pl/106843629
Essence The Highlighter puder rozjaśniający odcień 03 Luminous Glow 5 g,"10,09",https://www.ceneo.pl/128073801
Joko Puder prasowany Finish Your Make Up nr 13,"10,09",https://www.ceneo.pl/30173232
Killys Rg Pędzel Puder,"10,19",https://www.ceneo.pl/83180522
Hean Puder Do Twarzy Matte All Day Compact Powder 505 Jamaicasun,"10,19",https://www.ceneo.pl/57481965
Hean Puder Do Twarzy Matte All Day Compact Powder 503 Natural,"10,19",https://www.ceneo.pl/57481963
Hean Matte All Day Neutralizator matujący 501 Translucent,"10,19",https://www.ceneo.pl/63289121
HEAN Matte All Day pudry do twarzy 500 Soft Beige,"10,19",https://www.ceneo.pl/97216705
"Makeup Revolution Bake&Blot Puder Prasowany Banana 5,5g","10,23",https://www.ceneo.pl/76846369
Melaleuca Laboratorium Zasypka do Stóp Proftin-G Przeciwgrzybicza Przeciwbakteryjna Melaleuca 120g,"10,27",https://www.ceneo.pl/43540899
Pierre Rene MIYO Antibacterial Powder Antybakteryjny puder do twarzy 10 g,"10,30",https://www.ceneo.pl/30044521
Pędzel do pudru - Makeup Obsession,"10,30",https://www.ceneo.pl/142850991
PASTEL Show Your Purity Puder do twarzy nr 104 9.3g,"10,37",https://www.ceneo.pl/117954450
PASTEL Show Your Purity Puder do twarzy nr 101 9.3g,"10,37",https://www.ceneo.pl/117953641
PASTEL Show Your Purity Puder do twarzy nr 102 9.3g,"10,37",https://www.ceneo.pl/117953649
PASTEL Show Your Purity Puder do twarzy nr 103 9.3g,"10,37",https://www.ceneo.pl/117954423
Life - Pędzel Do Pudru 1Szt,"10,40",https://www.ceneo.pl/136120965
HEAN Egyptian Sunshine PUDER BRĄZUJĄCY,"10,44",https://www.ceneo.pl/35342582
Beauty Marrakech Ałun Zasypka Przeciwbakteryjna W Pudrze 120G,"10,45",https://www.ceneo.pl/81964558
"HEAN Puder ryżowy High Definition bez lusterka 305, 9 g","10,49",https://www.ceneo.pl/31893394
Rimmel Stay Matte Puder matujący 001 TRANSPARENT,"10,49",https://www.ceneo.pl/34926189
Constance Carroll Puder w kamieniu Compact Refill nr 18 Ivory 12g,"10,49",https://www.ceneo.pl/91834793
Constance Carroll Puder w kamieniu Compact Refill nr 24 Misty Beige 12g,"10,49",https://www.ceneo.pl/91834794
CARROLL PUDER 15 WARM BRONzE,"10,49",https://www.ceneo.pl/23895731
CARROLL PUDER 16 DEEP BRONzE,"10,49",https://www.ceneo.pl/23895734
Constance Carroll Puder w Kamieniu Compact Refill 03 Translucent 17ml,"10,49",https://www.ceneo.pl/27218964
Constance Carroll Blush Crush Róż Do Policzków 25 Pink Blush,"10,49",https://www.ceneo.pl/74660305
Constance Carroll Compact Refill puder w kamieniu nr 29 Sahara 12g,"10,49",https://www.ceneo.pl/81417001
Constance Carroll Puder w kamieniu Compact Refill nr 17 Light Translucent 12g,"10,49",https://www.ceneo.pl/91834792
Constance Carroll Puder w Kamieniu Compact Refill 14 Harvest Blige 17ml,"10,49",https://www.ceneo.pl/27218959
Constance Carroll Puder w Kamieniu Compact Refill 06 Rose Beige 17ml,"10,49",https://www.ceneo.pl/27218962
"MUA Pro-Base Matte Satin Pressed Powder puder w kamieniu Soft Beige 6,5g","10,49",https://www.ceneo.pl/50327577
Constance Carroll Puder w kamieniu Compact Refill nr 20 Sable  12g,"10,49",https://www.ceneo.pl/83246566
Constance Carroll Puder w Kamieniu Compact Refill 01 Candlelight 17ml,"10,49",https://www.ceneo.pl/27218965
CONSTANCE CARROLL PUDER 2 TENDER TOUCH 17G,"10,49",https://www.ceneo.pl/9794569
CARROLL PUDER 9 BISCUIT GLOW,"10,49",https://www.ceneo.pl/23895743
Constance Carroll Puder w Kamieniu Compact Refill 12 Sunhaze 17ml,"10,49",https://www.ceneo.pl/27218960
Constance Carroll Puder kamień refil 19 Warm Ivory 12 g,"10,49",https://www.ceneo.pl/53595406
Constance Carroll Compact Refill puder w kamieniu nr 08 Roma 12g,"10,49",https://www.ceneo.pl/81416997
CARROLL PUDER 11 NATURAL GLOW,"10,49",https://www.ceneo.pl/23895723
Hean High Definition Matte Rice Powder Ryżowy puder matujący 304,"10,49",https://www.ceneo.pl/29344113
Constance Carroll C.C. PUDER W KAMIENIU 33 SAFFRON GLOW,"10,49",https://www.ceneo.pl/83413008
MISS SPORTY PERFECT TO LAST 10H PUDER DO TWARZY 040 IVORY 9G,"10,49",https://www.ceneo.pl/123533506
CUCCIO Dip System wanienka do osypywania pudrem,"10,50",https://www.ceneo.pl/135255945
Constance Carroll Puder w kamieniu Compact Refill nr 33 Saffron Glow  12g,"10,53",https://www.ceneo.pl/83246567
wibo HD Fixing Puder fiksujący transparentny 3g,"10,55",https://www.ceneo.pl/94854432
wibo HD Banana Puder bananowy 3g,"10,56",https://www.ceneo.pl/94854431
Nivelazione Skin Therapy Expert Ochronny Talk do Stóp i Obuwia 110g,"10,56",https://www.ceneo.pl/47283799
Balea Balea Puder zwiększający objętość granat 10g,"10,57",https://www.ceneo.pl/106471727
Dlm Ronney Puder Zwiększający Objętość Do Włosów 10 G,"10,59",https://www.ceneo.pl/132277815
Marion Stylizujący puder do włosów 15g,"10,59",https://www.ceneo.pl/117325822
Makeup Revolution Matte Base Powder Pudrowa Baza P6,"10,62",https://www.ceneo.pl/77179130
Como Milano Puder prasowany do twarzy Puder Velvet Matt 27 porcelain 15g,"10,63",https://www.ceneo.pl/72683537
Como Milano Puder prasowany do twarzy Puder Velvet Matt 22 ivory 15g,"10,63",https://www.ceneo.pl/72683539
Como Milano Puder prasowany do twarzy Puder Velvet Matt 26 peach porcelain 15g,"10,63",https://www.ceneo.pl/72683538
Como Milano Puder prasowany do twarzy Puder Velvet Matt 21 natural 15g,"10,63",https://www.ceneo.pl/72683551
Como Milano Puder prasowany do twarzy Puder Velvet Matt 23 peach 15g,"10,63",https://www.ceneo.pl/72683540
Ados Odżywka Diamond Xl Force Diamentowy Utwardzacz Do Paznokci z Pudrem Diamentowym,"10,67",https://www.ceneo.pl/16979577
